2026.04.19 23:14:08 INFO  Started: Metals version 1.6.7 in folders 'D:\Workspace\nadija' for client Antigravity 1.107.0.
2026.04.19 23:14:08 INFO  Memory monitor started
2026.04.19 23:14:11 WARN  Using H2 2.4.240 which is newer than the version Flyway has been verified with. The latest verified version of H2 is 2.3.232.
2026.04.19 23:14:12 INFO  no build target found for D:\Workspace\nadija\SafeRide_Backend-Kaveen\src\test\java\com\saferide\SaferideBackend\SaferideBackendApplicationTests.java. Using fallback presentation compiler.
2026.04.19 23:14:15 INFO  no build target found for D:\Workspace\nadija\SafeRide_Backend-Kaveen\src\test\java\com\saferide\SaferideBackend\SaferideBackendApplicationTests.java. Using fallback presentation compiler.Apr 19, 2026 11:14:15 PM org.eclipse.lsp4j.jsonrpc.RemoteEndpoint handleCancellation
WARNING: Unmatched cancel notification for request id 4

Apr 19, 2026 11:14:15 PM org.eclipse.lsp4j.jsonrpc.RemoteEndpoint handleCancellation
WARNING: Unmatched cancel notification for request id 3
Apr 19, 2026 11:14:15 PM org.eclipse.lsp4j.jsonrpc.RemoteEndpoint handleCancellation
WARNING: Unmatched cancel notification for request id 2
Apr 19, 2026 11:14:15 PM org.eclipse.lsp4j.jsonrpc.RemoteEndpoint handleCancellation
WARNING: Unmatched cancel notification for request id 1
2026.04.19 23:14:16 INFO  running 'C:\Program Files\Java\jdk-21\bin\java.exe -Dfile.encoding=UTF-8 -Dmaven.multiModuleProjectDirectory=D:\Workspace\nadija\SafeRide_Backend-Kaveen -Dmaven.home=C:\Users\KMCOMP~1\AppData\Local\Temp\metals17993619017316321215 -cp C:\Users\KMCOMP~1\AppData\Local\Temp\metals17993619017316321215\maven-wrapper.jar org.apache.maven.wrapper.MavenWrapperMain generate-sources ch.epfl.scala:bloop-maven-plugin:2.0.3:bloopInstall -DdownloadSources=true'
2026.04.19 23:14:27 INFO  [INFO] Scanning for projects...
2026.04.19 23:14:28 INFO  Downloading from central: https://repo.maven.apache.org/maven2/ch/epfl/scala/bloop-maven-plugin/2.0.3/bloop-maven-plugin-2.0.3.pom
2026.04.19 23:14:28 INFO  Progress (1): 1.1 kB
2026.04.19 23:14:28 INFO  Progress (1): 2.5 kB
2026.04.19 23:14:28 INFO  Progress (1): 5.6 kB
2026.04.19 23:14:28 INFO  Progress (1): 8.0 kB
2026.04.19 23:14:28 INFO                      
2026.04.19 23:14:28 INFO  Downloaded from central: https://repo.maven.apache.org/maven2/ch/epfl/scala/bloop-maven-plugin/2.0.3/bloop-maven-plugin-2.0.3.pom (8.0 kB at 18 kB/s)
2026.04.19 23:14:28 INFO  Downloading from central: https://repo.maven.apache.org/maven2/ch/epfl/scala/bloop-maven-plugin/2.0.3/bloop-maven-plugin-2.0.3.jar
2026.04.19 23:14:28 INFO  Progress (1): 0.9/44 kB
2026.04.19 23:14:28 INFO  Progress (1): 2.3/44 kB
2026.04.19 23:14:28 INFO  Progress (1): 3.6/44 kB
2026.04.19 23:14:28 INFO  Progress (1): 5.0/44 kB
2026.04.19 23:14:28 INFO  Progress (1): 6.4/44 kB
2026.04.19 23:14:28 INFO  Progress (1): 7.7/44 kB
2026.04.19 23:14:28 INFO  Progress (1): 9.1/44 kB
2026.04.19 23:14:28 INFO  Progress (1): 10/44 kB 
2026.04.19 23:14:28 INFO  Progress (1): 12/44 kB
2026.04.19 23:14:28 INFO  Progress (1): 13/44 kB
2026.04.19 23:14:28 INFO  Progress (1): 15/44 kB
2026.04.19 23:14:28 INFO  Progress (1): 16/44 kB
2026.04.19 23:14:28 INFO  Progress (1): 17/44 kB
2026.04.19 23:14:28 INFO  Progress (1): 19/44 kB
2026.04.19 23:14:28 INFO  Progress (1): 20/44 kB
2026.04.19 23:14:28 INFO  Progress (1): 21/44 kB
2026.04.19 23:14:28 INFO  Progress (1): 23/44 kB
2026.04.19 23:14:28 INFO  Progress (1): 24/44 kB
2026.04.19 23:14:28 INFO  Progress (1): 25/44 kB
2026.04.19 23:14:28 INFO  Progress (1): 26/44 kB
2026.04.19 23:14:28 INFO  Progress (1): 27/44 kB
2026.04.19 23:14:28 INFO  Progress (1): 29/44 kB
2026.04.19 23:14:28 INFO  Progress (1): 30/44 kB
2026.04.19 23:14:28 INFO  Progress (1): 31/44 kB
2026.04.19 23:14:28 INFO  Progress (1): 33/44 kB
2026.04.19 23:14:28 INFO  Progress (1): 34/44 kB
2026.04.19 23:14:28 INFO  Progress (1): 36/44 kB
2026.04.19 23:14:28 INFO  Progress (1): 37/44 kB
2026.04.19 23:14:28 INFO  Progress (1): 38/44 kB
2026.04.19 23:14:28 INFO  Progress (1): 40/44 kB
2026.04.19 23:14:28 INFO  Progress (1): 41/44 kB
2026.04.19 23:14:28 INFO  Progress (1): 42/44 kB
2026.04.19 23:14:28 INFO  Progress (1): 44/44 kB
2026.04.19 23:14:28 INFO  Progress (1): 44 kB   
2026.04.19 23:14:28 INFO                     
2026.04.19 23:14:28 INFO  Downloaded from central: https://repo.maven.apache.org/maven2/ch/epfl/scala/bloop-maven-plugin/2.0.3/bloop-maven-plugin-2.0.3.jar (44 kB at 150 kB/s)
2026.04.19 23:14:28 INFO  [INFO] 
2026.04.19 23:14:28 INFO  [INFO] --------------------< com.saferide:SaferideBackend >--------------------
2026.04.19 23:14:28 INFO  [INFO] Building  0.0.1-SNAPSHOT
2026.04.19 23:14:28 INFO  [INFO]   from pom.xml
2026.04.19 23:14:28 INFO  [INFO] --------------------------------[ jar ]---------------------------------
2026.04.19 23:14:31 INFO  Downloading from google-maven-central-copy: https://maven-central.storage-download.googleapis.com/maven2/com/google/cloud/google-cloud-orchestration-airflow-bom/1.43.0/google-cloud-orchestration-airflow-bom-1.43.0.pom
2026.04.19 23:14:31 INFO  Progress (1): 0.4/2.4 kB
2026.04.19 23:14:31 INFO  Progress (1): 1.7/2.4 kB
2026.04.19 23:14:31 INFO  Progress (1): 2.4 kB    
2026.04.19 23:14:31 INFO                      
2026.04.19 23:14:31 INFO  Downloaded from google-maven-central-copy: https://maven-central.storage-download.googleapis.com/maven2/com/google/cloud/google-cloud-orchestration-airflow-bom/1.43.0/google-cloud-orchestration-airflow-bom-1.43.0.pom (2.4 kB at 5.9 kB/s)
2026.04.19 23:14:31 INFO  Downloading from google-maven-central-copy: https://maven-central.storage-download.googleapis.com/maven2/com/google/cloud/google-cloud-orgpolicy-bom/2.43.0/google-cloud-orgpolicy-bom-2.43.0.pom
2026.04.19 23:14:33 INFO  Progress (1): 0.4/2.0 kB
2026.04.19 23:14:33 INFO  Progress (1): 1.7/2.0 kB
2026.04.19 23:14:33 INFO  Progress (1): 2.0 kB    
2026.04.19 23:14:33 INFO                      
2026.04.19 23:14:33 INFO  Downloaded from google-maven-central-copy: https://maven-central.storage-download.googleapis.com/maven2/com/google/cloud/google-cloud-orgpolicy-bom/2.43.0/google-cloud-orgpolicy-bom-2.43.0.pom (2.0 kB at 1.9 kB/s)
2026.04.19 23:14:33 INFO  Downloading from google-maven-central-copy: https://maven-central.storage-download.googleapis.com/maven2/com/google/cloud/google-cloud-phishingprotection-bom/0.74.0/google-cloud-phishingprotection-bom-0.74.0.pom
2026.04.19 23:14:33 INFO  Progress (1): 0.4/1.8 kB
2026.04.19 23:14:33 INFO  Progress (1): 1.7/1.8 kB
2026.04.19 23:14:33 INFO  Progress (1): 1.8 kB    
2026.04.19 23:14:33 INFO                      
2026.04.19 23:14:33 INFO  Downloaded from google-maven-central-copy: https://maven-central.storage-download.googleapis.com/maven2/com/google/cloud/google-cloud-phishingprotection-bom/0.74.0/google-cloud-phishingprotection-bom-0.74.0.pom (1.8 kB at 3.8 kB/s)
2026.04.19 23:14:33 INFO  Downloading from google-maven-central-copy: https://maven-central.storage-download.googleapis.com/maven2/com/google/cloud/google-cloud-policy-troubleshooter-bom/1.42.0/google-cloud-policy-troubleshooter-bom-1.42.0.pom
2026.04.19 23:14:34 INFO  Progress (1): 0.4/2.5 kB
2026.04.19 23:14:34 INFO  Progress (1): 1.7/2.5 kB
2026.04.19 23:14:34 INFO  Progress (1): 2.5 kB    
2026.04.19 23:14:34 INFO                      
2026.04.19 23:14:34 INFO  Downloaded from google-maven-central-copy: https://maven-central.storage-download.googleapis.com/maven2/com/google/cloud/google-cloud-policy-troubleshooter-bom/1.42.0/google-cloud-policy-troubleshooter-bom-1.42.0.pom (2.5 kB at 2.8 kB/s)
2026.04.19 23:14:34 INFO  Downloading from google-maven-central-copy: https://maven-central.storage-download.googleapis.com/maven2/com/google/cloud/google-cloud-profiler-bom/2.43.0/google-cloud-profiler-bom-2.43.0.pom
2026.04.19 23:14:34 INFO  Progress (1): 0.4/1.8 kB
2026.04.19 23:14:34 INFO  Progress (1): 1.7/1.8 kB
2026.04.19 23:14:34 INFO  Progress (1): 1.8 kB    
2026.04.19 23:14:34 INFO                      
2026.04.19 23:14:34 INFO  Downloaded from google-maven-central-copy: https://maven-central.storage-download.googleapis.com/maven2/com/google/cloud/google-cloud-profiler-bom/2.43.0/google-cloud-profiler-bom-2.43.0.pom (1.8 kB at 3.6 kB/s)
2026.04.19 23:14:34 INFO  Downloading from google-maven-central-copy: https://maven-central.storage-download.googleapis.com/maven2/com/google/cloud/google-cloud-publicca-bom/0.40.0/google-cloud-publicca-bom-0.40.0.pom
2026.04.19 23:14:36 INFO  Progress (1): 0.4/1.8 kB
2026.04.19 23:14:36 INFO  Progress (1): 1.7/1.8 kB
2026.04.19 23:14:36 INFO  Progress (1): 1.8 kB    
2026.04.19 23:14:36 INFO                      
2026.04.19 23:14:36 INFO  Downloaded from google-maven-central-copy: https://maven-central.storage-download.googleapis.com/maven2/com/google/cloud/google-cloud-publicca-bom/0.40.0/google-cloud-publicca-bom-0.40.0.pom (1.8 kB at 1.8 kB/s)
2026.04.19 23:14:36 INFO  Downloading from google-maven-central-copy: https://maven-central.storage-download.googleapis.com/maven2/com/google/cloud/google-cloud-recommendations-ai-bom/0.50.0/google-cloud-recommendations-ai-bom-0.50.0.pom
2026.04.19 23:14:36 INFO  Progress (1): 0.4/1.8 kB
2026.04.19 23:14:36 INFO  Progress (1): 1.7/1.8 kB
2026.04.19 23:14:36 INFO  Progress (1): 1.8 kB    
2026.04.19 23:14:36 INFO                      
2026.04.19 23:14:36 INFO  Downloaded from google-maven-central-copy: https://maven-central.storage-download.googleapis.com/maven2/com/google/cloud/google-cloud-recommendations-ai-bom/0.50.0/google-cloud-recommendations-ai-bom-0.50.0.pom (1.8 kB at 4.2 kB/s)
2026.04.19 23:14:36 INFO  Downloading from google-maven-central-copy: https://maven-central.storage-download.googleapis.com/maven2/com/google/cloud/google-cloud-recommender-bom/2.45.0/google-cloud-recommender-bom-2.45.0.pom
2026.04.19 23:14:37 INFO  Progress (1): 0.4/2.3 kB
2026.04.19 23:14:37 INFO  Progress (1): 1.7/2.3 kB
2026.04.19 23:14:37 INFO  Progress (1): 2.3 kB    
2026.04.19 23:14:37 INFO                      
2026.04.19 23:14:37 INFO  Downloaded from google-maven-central-copy: https://maven-central.storage-download.googleapis.com/maven2/com/google/cloud/google-cloud-recommender-bom/2.45.0/google-cloud-recommender-bom-2.45.0.pom (2.3 kB at 2.7 kB/s)
2026.04.19 23:14:37 INFO  Downloading from google-maven-central-copy: https://maven-central.storage-download.googleapis.com/maven2/com/google/cloud/google-cloud-resource-settings-bom/1.43.0/google-cloud-resource-settings-bom-1.43.0.pom
2026.04.19 23:14:37 INFO  Progress (1): 0.4/1.9 kB
2026.04.19 23:14:37 INFO  Progress (1): 1.7/1.9 kB
2026.04.19 23:14:37 INFO  Progress (1): 1.9 kB    
2026.04.19 23:14:37 INFO                      
2026.04.19 23:14:37 INFO  Downloaded from google-maven-central-copy: https://maven-central.storage-download.googleapis.com/maven2/com/google/cloud/google-cloud-resource-settings-bom/1.43.0/google-cloud-resource-settings-bom-1.43.0.pom (1.9 kB at 4.4 kB/s)
2026.04.19 23:14:37 INFO  Downloading from google-maven-central-copy: https://maven-central.storage-download.googleapis.com/maven2/com/google/cloud/google-cloud-resourcemanager-bom/1.45.0/google-cloud-resourcemanager-bom-1.45.0.pom
2026.04.19 23:14:38 INFO  Progress (1): 0.4/1.8 kB
2026.04.19 23:14:38 INFO  Progress (1): 1.7/1.8 kB
2026.04.19 23:14:38 INFO  Progress (1): 1.8 kB    
2026.04.19 23:14:38 INFO                      
2026.04.19 23:14:38 INFO  Downloaded from google-maven-central-copy: https://maven-central.storage-download.googleapis.com/maven2/com/google/cloud/google-cloud-resourcemanager-bom/1.45.0/google-cloud-resourcemanager-bom-1.45.0.pom (1.8 kB at 2.2 kB/s)
2026.04.19 23:14:38 INFO  Downloading from google-maven-central-copy: https://maven-central.storage-download.googleapis.com/maven2/com/google/cloud/google-cloud-scheduler-bom/2.43.0/google-cloud-scheduler-bom-2.43.0.pom
2026.04.19 23:14:38 INFO  Progress (1): 0.4/2.2 kB
2026.04.19 23:14:38 INFO  Progress (1): 1.7/2.2 kB
2026.04.19 23:14:38 INFO  Progress (1): 2.2 kB    
2026.04.19 23:14:38 INFO                      
2026.04.19 23:14:38 INFO  Downloaded from google-maven-central-copy: https://maven-central.storage-download.googleapis.com/maven2/com/google/cloud/google-cloud-scheduler-bom/2.43.0/google-cloud-scheduler-bom-2.43.0.pom (2.2 kB at 4.4 kB/s)
2026.04.19 23:14:38 INFO  Downloading from google-maven-central-copy: https://maven-central.storage-download.googleapis.com/maven2/com/google/cloud/google-cloud-secretmanager-bom/2.43.0/google-cloud-secretmanager-bom-2.43.0.pom
2026.04.19 23:14:40 INFO  Progress (1): 0.4/2.3 kB
2026.04.19 23:14:40 INFO  Progress (1): 1.7/2.3 kB
2026.04.19 23:14:40 INFO  Progress (1): 2.3 kB    
2026.04.19 23:14:40 INFO                      
2026.04.19 23:14:40 INFO  Downloaded from google-maven-central-copy: https://maven-central.storage-download.googleapis.com/maven2/com/google/cloud/google-cloud-secretmanager-bom/2.43.0/google-cloud-secretmanager-bom-2.43.0.pom (2.3 kB at 2.3 kB/s)
2026.04.19 23:14:40 INFO  Downloading from google-maven-central-copy: https://maven-central.storage-download.googleapis.com/maven2/com/google/cloud/google-cloud-securitycenter-bom/2.51.0/google-cloud-securitycenter-bom-2.51.0.pom
2026.04.19 23:14:40 INFO  Progress (1): 0.4/3.4 kB
2026.04.19 23:14:40 INFO  Progress (1): 1.7/3.4 kB
2026.04.19 23:14:40 INFO  Progress (1): 3.1/3.4 kB
2026.04.19 23:14:40 INFO  Progress (1): 3.4 kB    
2026.04.19 23:14:40 INFO                      
2026.04.19 23:14:40 INFO  Downloaded from google-maven-central-copy: https://maven-central.storage-download.googleapis.com/maven2/com/google/cloud/google-cloud-securitycenter-bom/2.51.0/google-cloud-securitycenter-bom-2.51.0.pom (3.4 kB at 9.3 kB/s)
2026.04.19 23:14:40 INFO  Downloading from google-maven-central-copy: https://maven-central.storage-download.googleapis.com/maven2/com/google/cloud/google-cloud-securitycenter-settings-bom/0.46.0/google-cloud-securitycenter-settings-bom-0.46.0.pom
2026.04.19 23:14:41 INFO  Progress (1): 0.4/1.9 kB
2026.04.19 23:14:41 INFO  Progress (1): 1.7/1.9 kB
2026.04.19 23:14:41 INFO  Progress (1): 1.9 kB    
2026.04.19 23:14:41 INFO                      
2026.04.19 23:14:41 INFO  Downloaded from google-maven-central-copy: https://maven-central.storage-download.googleapis.com/maven2/com/google/cloud/google-cloud-securitycenter-settings-bom/0.46.0/google-cloud-securitycenter-settings-bom-0.46.0.pom (1.9 kB at 1.9 kB/s)
2026.04.19 23:14:41 INFO  Downloading from google-maven-central-copy: https://maven-central.storage-download.googleapis.com/maven2/com/google/cloud/google-cloud-service-control-bom/1.43.0/google-cloud-service-control-bom-1.43.0.pom
2026.04.19 23:14:41 INFO  Progress (1): 0.4/2.4 kB
2026.04.19 23:14:41 INFO  Progress (1): 1.7/2.4 kB
2026.04.19 23:14:41 INFO  Progress (1): 2.4 kB    
2026.04.19 23:14:41 INFO                      
2026.04.19 23:14:41 INFO  Downloaded from google-maven-central-copy: https://maven-central.storage-download.googleapis.com/maven2/com/google/cloud/google-cloud-service-control-bom/1.43.0/google-cloud-service-control-bom-1.43.0.pom (2.4 kB at 5.2 kB/s)
2026.04.19 23:14:41 INFO  Downloading from google-maven-central-copy: https://maven-central.storage-download.googleapis.com/maven2/com/google/cloud/google-cloud-service-management-bom/3.41.0/google-cloud-service-management-bom-3.41.0.pom
2026.04.19 23:14:43 INFO  Progress (1): 0.4/1.9 kB
2026.04.19 23:14:43 INFO  Progress (1): 1.7/1.9 kB
2026.04.19 23:14:43 INFO  Progress (1): 1.9 kB    
2026.04.19 23:14:43 INFO                      
2026.04.19 23:14:43 INFO  Downloaded from google-maven-central-copy: https://maven-central.storage-download.googleapis.com/maven2/com/google/cloud/google-cloud-service-management-bom/3.41.0/google-cloud-service-management-bom-3.41.0.pom (1.9 kB at 1.9 kB/s)
2026.04.19 23:14:43 INFO  Downloading from google-maven-central-copy: https://maven-central.storage-download.googleapis.com/maven2/com/google/cloud/google-cloud-servicehealth-bom/0.10.0/google-cloud-servicehealth-bom-0.10.0.pom
2026.04.19 23:14:43 INFO  Progress (1): 0.4/1.8 kB
2026.04.19 23:14:43 INFO  Progress (1): 1.7/1.8 kB
2026.04.19 23:14:43 INFO  Progress (1): 1.8 kB    
2026.04.19 23:14:43 INFO                      
2026.04.19 23:14:43 INFO  Downloaded from google-maven-central-copy: https://maven-central.storage-download.googleapis.com/maven2/com/google/cloud/google-cloud-servicehealth-bom/0.10.0/google-cloud-servicehealth-bom-0.10.0.pom (1.8 kB at 6.6 kB/s)
2026.04.19 23:14:43 INFO  Downloading from google-maven-central-copy: https://maven-central.storage-download.googleapis.com/maven2/com/google/cloud/google-cloud-shell-bom/2.42.0/google-cloud-shell-bom-2.42.0.pom
2026.04.19 23:14:44 INFO  Progress (1): 0.4/1.7 kB
2026.04.19 23:14:44 INFO  Progress (1): 1.7 kB    
2026.04.19 23:14:44 INFO                      
2026.04.19 23:14:44 INFO  Downloaded from google-maven-central-copy: https://maven-central.storage-download.googleapis.com/maven2/com/google/cloud/google-cloud-shell-bom/2.42.0/google-cloud-shell-bom-2.42.0.pom (1.7 kB at 1.7 kB/s)
2026.04.19 23:14:44 INFO  Downloading from google-maven-central-copy: https://maven-central.storage-download.googleapis.com/maven2/com/google/cloud/google-cloud-storageinsights-bom/0.28.0/google-cloud-storageinsights-bom-0.28.0.pom
2026.04.19 23:14:44 INFO  Progress (1): 0.4/1.8 kB
2026.04.19 23:14:44 INFO  Progress (1): 1.7/1.8 kB
2026.04.19 23:14:44 INFO  Progress (1): 1.8 kB    
2026.04.19 23:14:44 INFO                      
2026.04.19 23:14:44 INFO  Downloaded from google-maven-central-copy: https://maven-central.storage-download.googleapis.com/maven2/com/google/cloud/google-cloud-storageinsights-bom/0.28.0/google-cloud-storageinsights-bom-0.28.0.pom (1.8 kB at 4.8 kB/s)
2026.04.19 23:14:44 INFO  Downloading from google-maven-central-copy: https://maven-central.storage-download.googleapis.com/maven2/com/google/cloud/google-cloud-talent-bom/2.44.0/google-cloud-talent-bom-2.44.0.pom
2026.04.19 23:14:45 INFO  Progress (1): 0.4/2.2 kB
2026.04.19 23:14:45 INFO  Progress (1): 1.7/2.2 kB
2026.04.19 23:14:45 INFO  Progress (1): 2.2 kB    
2026.04.19 23:14:45 INFO                      
2026.04.19 23:14:45 INFO  Downloaded from google-maven-central-copy: https://maven-central.storage-download.googleapis.com/maven2/com/google/cloud/google-cloud-talent-bom/2.44.0/google-cloud-talent-bom-2.44.0.pom (2.2 kB at 2.7 kB/s)
2026.04.19 23:14:45 INFO  Downloading from google-maven-central-copy: https://maven-central.storage-download.googleapis.com/maven2/com/google/cloud/google-cloud-texttospeech-bom/2.44.0/google-cloud-texttospeech-bom-2.44.0.pom
2026.04.19 23:14:45 INFO  Progress (1): 0.4/2.3 kB
2026.04.19 23:14:45 INFO  Progress (1): 1.7/2.3 kB
2026.04.19 23:14:45 INFO  Progress (1): 2.3 kB    
2026.04.19 23:14:45 INFO                      
2026.04.19 23:14:45 INFO  Downloaded from google-maven-central-copy: https://maven-central.storage-download.googleapis.com/maven2/com/google/cloud/google-cloud-texttospeech-bom/2.44.0/google-cloud-texttospeech-bom-2.44.0.pom (2.3 kB at 4.9 kB/s)
2026.04.19 23:14:45 INFO  Downloading from google-maven-central-copy: https://maven-central.storage-download.googleapis.com/maven2/com/google/cloud/google-cloud-tpu-bom/2.44.0/google-cloud-tpu-bom-2.44.0.pom
2026.04.19 23:14:47 INFO  Progress (1): 0.4/2.7 kB
2026.04.19 23:14:47 INFO  Progress (1): 1.7/2.7 kB
2026.04.19 23:14:47 INFO  Progress (1): 2.7 kB    
2026.04.19 23:14:47 INFO                      
2026.04.19 23:14:47 INFO  Downloaded from google-maven-central-copy: https://maven-central.storage-download.googleapis.com/maven2/com/google/cloud/google-cloud-tpu-bom/2.44.0/google-cloud-tpu-bom-2.44.0.pom (2.7 kB at 3.3 kB/s)
2026.04.19 23:14:47 INFO  Downloading from google-maven-central-copy: https://maven-central.storage-download.googleapis.com/maven2/com/google/cloud/google-cloud-vertexai-bom/1.3.0/google-cloud-vertexai-bom-1.3.0.pom
2026.04.19 23:14:47 INFO  Progress (1): 0.4/1.7 kB
2026.04.19 23:14:47 INFO  Progress (1): 1.7 kB    
2026.04.19 23:14:47 INFO                      
2026.04.19 23:14:47 INFO  Downloaded from google-maven-central-copy: https://maven-central.storage-download.googleapis.com/maven2/com/google/cloud/google-cloud-vertexai-bom/1.3.0/google-cloud-vertexai-bom-1.3.0.pom (1.7 kB at 3.3 kB/s)
2026.04.19 23:14:47 INFO  Downloading from google-maven-central-copy: https://maven-central.storage-download.googleapis.com/maven2/com/google/cloud/google-cloud-video-intelligence-bom/2.42.0/google-cloud-video-intelligence-bom-2.42.0.pom
2026.04.19 23:14:48 INFO  Progress (1): 0.4/4.1 kB
2026.04.19 23:14:48 INFO  Progress (1): 1.7/4.1 kB
2026.04.19 23:14:48 INFO  Progress (1): 3.1/4.1 kB
2026.04.19 23:14:48 INFO  Progress (1): 4.1 kB    
2026.04.19 23:14:48 INFO                      
2026.04.19 23:14:48 INFO  Downloaded from google-maven-central-copy: https://maven-central.storage-download.googleapis.com/maven2/com/google/cloud/google-cloud-video-intelligence-bom/2.42.0/google-cloud-video-intelligence-bom-2.42.0.pom (4.1 kB at 5.0 kB/s)
2026.04.19 23:14:48 INFO  Downloading from google-maven-central-copy: https://maven-central.storage-download.googleapis.com/maven2/com/google/cloud/google-cloud-video-transcoder-bom/1.42.0/google-cloud-video-transcoder-bom-1.42.0.pom
2026.04.19 23:14:48 INFO  Progress (1): 0.4/1.8 kB
2026.04.19 23:14:48 INFO  Progress (1): 1.7/1.8 kB
2026.04.19 23:14:48 INFO  Progress (1): 1.8 kB    
2026.04.19 23:14:48 INFO                      
2026.04.19 23:14:48 INFO  Downloaded from google-maven-central-copy: https://maven-central.storage-download.googleapis.com/maven2/com/google/cloud/google-cloud-video-transcoder-bom/1.42.0/google-cloud-video-transcoder-bom-1.42.0.pom (1.8 kB at 4.2 kB/s)
2026.04.19 23:14:48 INFO  Downloading from google-maven-central-copy: https://maven-central.storage-download.googleapis.com/maven2/com/google/cloud/google-cloud-vmmigration-bom/1.43.0/google-cloud-vmmigration-bom-1.43.0.pom
2026.04.19 23:14:49 INFO  Progress (1): 0.4/1.8 kB
2026.04.19 23:14:49 INFO  Progress (1): 1.7/1.8 kB
2026.04.19 23:14:49 INFO  Progress (1): 1.8 kB    
2026.04.19 23:14:49 INFO                      
2026.04.19 23:14:49 INFO  Downloaded from google-maven-central-copy: https://maven-central.storage-download.googleapis.com/maven2/com/google/cloud/google-cloud-vmmigration-bom/1.43.0/google-cloud-vmmigration-bom-1.43.0.pom (1.8 kB at 2.1 kB/s)
2026.04.19 23:14:49 INFO  Downloading from google-maven-central-copy: https://maven-central.storage-download.googleapis.com/maven2/com/google/cloud/google-cloud-vpcaccess-bom/2.44.0/google-cloud-vpcaccess-bom-2.44.0.pom
2026.04.19 23:14:49 INFO  Progress (1): 0.4/1.8 kB
2026.04.19 23:14:49 INFO  Progress (1): 1.7/1.8 kB
2026.04.19 23:14:49 INFO  Progress (1): 1.8 kB    
2026.04.19 23:14:49 INFO                      
2026.04.19 23:14:49 INFO  Downloaded from google-maven-central-copy: https://maven-central.storage-download.googleapis.com/maven2/com/google/cloud/google-cloud-vpcaccess-bom/2.44.0/google-cloud-vpcaccess-bom-2.44.0.pom (1.8 kB at 4.3 kB/s)
2026.04.19 23:14:49 INFO  Downloading from google-maven-central-copy: https://maven-central.storage-download.googleapis.com/maven2/com/google/cloud/google-cloud-webrisk-bom/2.42.0/google-cloud-webrisk-bom-2.42.0.pom
2026.04.19 23:14:51 INFO  Progress (1): 0.4/2.2 kB
2026.04.19 23:14:51 INFO  Progress (1): 1.7/2.2 kB
2026.04.19 23:14:51 INFO  Progress (1): 2.2 kB    
2026.04.19 23:14:51 INFO                      
2026.04.19 23:14:51 INFO  Downloaded from google-maven-central-copy: https://maven-central.storage-download.googleapis.com/maven2/com/google/cloud/google-cloud-webrisk-bom/2.42.0/google-cloud-webrisk-bom-2.42.0.pom (2.2 kB at 2.6 kB/s)
2026.04.19 23:14:51 INFO  Downloading from google-maven-central-copy: https://maven-central.storage-download.googleapis.com/maven2/com/google/cloud/google-cloud-workflows-bom/2.43.0/google-cloud-workflows-bom-2.43.0.pom
2026.04.19 23:14:51 INFO  Progress (1): 0.4/2.3 kB
2026.04.19 23:14:51 INFO  Progress (1): 1.7/2.3 kB
2026.04.19 23:14:51 INFO  Progress (1): 2.3 kB    
2026.04.19 23:14:51 INFO                      
2026.04.19 23:14:51 INFO  Downloaded from google-maven-central-copy: https://maven-central.storage-download.googleapis.com/maven2/com/google/cloud/google-cloud-workflows-bom/2.43.0/google-cloud-workflows-bom-2.43.0.pom (2.3 kB at 5.3 kB/s)
2026.04.19 23:14:51 INFO  Downloading from google-maven-central-copy: https://maven-central.storage-download.googleapis.com/maven2/com/google/cloud/google-cloud-workspaceevents-bom/0.7.0/google-cloud-workspaceevents-bom-0.7.0.pom
2026.04.19 23:14:52 INFO  Progress (1): 0.4/1.8 kB
2026.04.19 23:14:52 INFO  Progress (1): 1.7/1.8 kB
2026.04.19 23:14:52 INFO  Progress (1): 1.8 kB    
2026.04.19 23:14:52 INFO                      
2026.04.19 23:14:52 INFO  Downloaded from google-maven-central-copy: https://maven-central.storage-download.googleapis.com/maven2/com/google/cloud/google-cloud-workspaceevents-bom/0.7.0/google-cloud-workspaceevents-bom-0.7.0.pom (1.8 kB at 2.2 kB/s)
2026.04.19 23:14:52 INFO  Downloading from google-maven-central-copy: https://maven-central.storage-download.googleapis.com/maven2/com/google/cloud/google-iam-policy-bom/1.41.0/google-iam-policy-bom-1.41.0.pom
2026.04.19 23:14:52 INFO  Progress (1): 0.4/1.3 kB
2026.04.19 23:14:52 INFO  Progress (1): 1.3 kB    
2026.04.19 23:14:52 INFO                      
2026.04.19 23:14:52 INFO  Downloaded from google-maven-central-copy: https://maven-central.storage-download.googleapis.com/maven2/com/google/cloud/google-iam-policy-bom/1.41.0/google-iam-policy-bom-1.41.0.pom (1.3 kB at 2.6 kB/s)
2026.04.19 23:14:52 INFO  Downloading from google-maven-central-copy: https://maven-central.storage-download.googleapis.com/maven2/com/google/cloud/google-identity-accesscontextmanager-bom/1.44.0/google-identity-accesscontextmanager-bom-1.44.0.pom
2026.04.19 23:14:54 INFO  Progress (1): 0.4/2.2 kB
2026.04.19 23:14:54 INFO  Progress (1): 1.7/2.2 kB
2026.04.19 23:14:54 INFO  Progress (1): 2.2 kB    
2026.04.19 23:14:54 INFO                      
2026.04.19 23:14:54 INFO  Downloaded from google-maven-central-copy: https://maven-central.storage-download.googleapis.com/maven2/com/google/cloud/google-identity-accesscontextmanager-bom/1.44.0/google-identity-accesscontextmanager-bom-1.44.0.pom (2.2 kB at 2.2 kB/s)
2026.04.19 23:14:54 INFO  Downloading from central: https://repo.maven.apache.org/maven2/com/google/cloud/google-cloud-firestore-bom/3.21.1/google-cloud-firestore-bom-3.21.1.pom
2026.04.19 23:14:54 INFO  Progress (1): 1.1 kB
2026.04.19 23:14:54 INFO  Progress (1): 3.8 kB
2026.04.19 23:14:54 INFO                      
2026.04.19 23:14:54 INFO  Downloaded from central: https://repo.maven.apache.org/maven2/com/google/cloud/google-cloud-firestore-bom/3.21.1/google-cloud-firestore-bom-3.21.1.pom (3.8 kB at 23 kB/s)
2026.04.19 23:14:54 INFO  Downloading from central: https://repo.maven.apache.org/maven2/com/google/cloud/google-cloud-logging-bom/3.17.1/google-cloud-logging-bom-3.17.1.pom
2026.04.19 23:14:54 INFO  Progress (1): 1.1 kB
2026.04.19 23:14:54 INFO  Progress (1): 2.7 kB
2026.04.19 23:14:54 INFO                      
2026.04.19 23:14:54 INFO  Downloaded from central: https://repo.maven.apache.org/maven2/com/google/cloud/google-cloud-logging-bom/3.17.1/google-cloud-logging-bom-3.17.1.pom (2.7 kB at 7.0 kB/s)
2026.04.19 23:14:54 INFO  Downloading from central: https://repo.maven.apache.org/maven2/com/google/cloud/google-cloud-pubsub-bom/1.129.3/google-cloud-pubsub-bom-1.129.3.pom
2026.04.19 23:14:55 INFO  Progress (1): 1.1 kB
2026.04.19 23:14:55 INFO  Progress (1): 2.7 kB
2026.04.19 23:14:55 INFO                      
2026.04.19 23:14:55 INFO  Downloaded from central: https://repo.maven.apache.org/maven2/com/google/cloud/google-cloud-pubsub-bom/1.129.3/google-cloud-pubsub-bom-1.129.3.pom (2.7 kB at 8.3 kB/s)
2026.04.19 23:14:55 INFO  Downloading from central: https://repo.maven.apache.org/maven2/com/google/cloud/google-cloud-pubsublite-bom/1.13.5/google-cloud-pubsublite-bom-1.13.5.pom
2026.04.19 23:14:55 INFO  Progress (1): 1.1 kB
2026.04.19 23:14:55 INFO  Progress (1): 2.7 kB
2026.04.19 23:14:55 INFO                      
2026.04.19 23:14:55 INFO  Downloaded from central: https://repo.maven.apache.org/maven2/com/google/cloud/google-cloud-pubsublite-bom/1.13.5/google-cloud-pubsublite-bom-1.13.5.pom (2.7 kB at 20 kB/s)
2026.04.19 23:14:55 INFO  Downloading from central: https://repo.maven.apache.org/maven2/com/google/cloud/google-cloud-spanner-bom/6.66.0/google-cloud-spanner-bom-6.66.0.pom
2026.04.19 23:14:55 INFO  Progress (1): 1.1 kB
2026.04.19 23:14:55 INFO  Progress (1): 4.6 kB
2026.04.19 23:14:55 INFO                      
2026.04.19 23:14:55 INFO  Downloaded from central: https://repo.maven.apache.org/maven2/com/google/cloud/google-cloud-spanner-bom/6.66.0/google-cloud-spanner-bom-6.66.0.pom (4.6 kB at 25 kB/s)
2026.04.19 23:14:55 INFO  Downloading from central: https://repo.maven.apache.org/maven2/com/google/cloud/google-cloud-storage-bom/2.38.0/google-cloud-storage-bom-2.38.0.pom
2026.04.19 23:14:55 INFO  Progress (1): 838 B
2026.04.19 23:14:55 INFO  Progress (1): 2.7 kB
2026.04.19 23:14:55 INFO  Progress (1): 4.4 kB
2026.04.19 23:14:55 INFO                      
2026.04.19 23:14:55 INFO  Downloaded from central: https://repo.maven.apache.org/maven2/com/google/cloud/google-cloud-storage-bom/2.38.0/google-cloud-storage-bom-2.38.0.pom (4.4 kB at 44 kB/s)
2026.04.19 23:14:55 INFO  Downloading from central: https://repo.maven.apache.org/maven2/com/google/api-client/google-api-client-bom/2.5.1/google-api-client-bom-2.5.1.pom
2026.04.19 23:14:55 INFO  Progress (1): 1.1 kB
2026.04.19 23:14:55 INFO  Progress (1): 4.7 kB
2026.04.19 23:14:55 INFO  Progress (1): 6.8 kB
2026.04.19 23:14:55 INFO                      
2026.04.19 23:14:55 INFO  Downloaded from central: https://repo.maven.apache.org/maven2/com/google/api-client/google-api-client-bom/2.5.1/google-api-client-bom-2.5.1.pom (6.8 kB at 27 kB/s)
2026.04.19 23:14:55 INFO  Downloading from central: https://repo.maven.apache.org/maven2/com/google/api-client/google-api-client/2.4.0/google-api-client-2.4.0.pom
2026.04.19 23:14:55 INFO  Progress (1): 1.3 kB
2026.04.19 23:14:55 INFO  Progress (1): 3.5 kB
2026.04.19 23:14:55 INFO  Progress (1): 6.2 kB
2026.04.19 23:14:55 INFO  Progress (1): 8.0 kB
2026.04.19 23:14:55 INFO                      
2026.04.19 23:14:55 INFO  Downloaded from central: https://repo.maven.apache.org/maven2/com/google/api-client/google-api-client/2.4.0/google-api-client-2.4.0.pom (8.0 kB at 124 kB/s)
2026.04.19 23:14:55 INFO  Downloading from central: https://repo.maven.apache.org/maven2/com/google/api-client/google-api-client-parent/2.4.0/google-api-client-parent-2.4.0.pom
2026.04.19 23:14:55 INFO  Progress (1): 941 B
2026.04.19 23:14:55 INFO  Progress (1): 2.7 kB
2026.04.19 23:14:55 INFO  Progress (1): 7.3 kB
2026.04.19 23:14:55 INFO  Progress (1): 11 kB 
2026.04.19 23:14:55 INFO  Progress (1): 14 kB
2026.04.19 23:14:55 INFO  Progress (1): 18 kB
2026.04.19 23:14:55 INFO  Progress (1): 21 kB
2026.04.19 23:14:55 INFO  Progress (1): 22 kB
2026.04.19 23:14:55 INFO  Progress (1): 24 kB
2026.04.19 23:14:55 INFO                     
2026.04.19 23:14:55 INFO  Downloaded from central: https://repo.maven.apache.org/maven2/com/google/api-client/google-api-client-parent/2.4.0/google-api-client-parent-2.4.0.pom (24 kB at 384 kB/s)
2026.04.19 23:14:55 INFO  Downloading from central: https://repo.maven.apache.org/maven2/commons-codec/commons-codec/1.16.1/commons-codec-1.16.1.pom
2026.04.19 23:14:56 INFO  Progress (1): 749 B
2026.04.19 23:14:56 INFO  Progress (1): 1.9 kB
2026.04.19 23:14:56 INFO  Progress (1): 3.8 kB
2026.04.19 23:14:56 INFO  Progress (1): 6.3 kB
2026.04.19 23:14:56 INFO  Progress (1): 8.7 kB
2026.04.19 23:14:56 INFO  Progress (1): 11 kB 
2026.04.19 23:14:56 INFO  Progress (1): 13 kB
2026.04.19 23:14:56 INFO  Progress (1): 14 kB
2026.04.19 23:14:56 INFO  Progress (1): 16 kB
2026.04.19 23:14:56 INFO                     
2026.04.19 23:14:56 INFO  Downloaded from central: https://repo.maven.apache.org/maven2/commons-codec/commons-codec/1.16.1/commons-codec-1.16.1.pom (16 kB at 296 kB/s)
2026.04.19 23:14:56 INFO  Downloading from central: https://repo.maven.apache.org/maven2/org/apache/commons/commons-parent/66/commons-parent-66.pom
2026.04.19 23:14:56 INFO  Progress (1): 708 B
2026.04.19 23:14:56 INFO  Progress (1): 1.9 kB
2026.04.19 23:14:56 INFO  Progress (1): 3.1 kB
2026.04.19 23:14:56 INFO  Progress (1): 4.7 kB
2026.04.19 23:14:56 INFO  Progress (1): 6.5 kB
2026.04.19 23:14:56 INFO  Progress (1): 8.5 kB
2026.04.19 23:14:56 INFO  Progress (1): 10 kB 
2026.04.19 23:14:56 INFO  Progress (1): 11 kB
2026.04.19 23:14:56 INFO  Progress (1): 13 kB
2026.04.19 23:14:56 INFO  Progress (1): 15 kB
2026.04.19 23:14:56 INFO  Progress (1): 18 kB
2026.04.19 23:14:56 INFO  Progress (1): 21 kB
2026.04.19 23:14:56 INFO  Progress (1): 23 kB
2026.04.19 23:14:56 INFO  Progress (1): 25 kB
2026.04.19 23:14:56 INFO  Progress (1): 29 kB
2026.04.19 23:14:56 INFO  Progress (1): 32 kB
2026.04.19 23:14:56 INFO  Progress (1): 33 kB
2026.04.19 23:14:56 INFO  Progress (1): 38 kB
2026.04.19 23:14:56 INFO  Progress (1): 41 kB
2026.04.19 23:14:56 INFO  Progress (1): 45 kB
2026.04.19 23:14:56 INFO  Progress (1): 47 kB
2026.04.19 23:14:56 INFO  Progress (1): 50 kB
2026.04.19 23:14:56 INFO  Progress (1): 52 kB
2026.04.19 23:14:56 INFO  Progress (1): 56 kB
2026.04.19 23:14:56 INFO  Progress (1): 58 kB
2026.04.19 23:14:56 INFO  Progress (1): 59 kB
2026.04.19 23:14:56 INFO  Progress (1): 63 kB
2026.04.19 23:14:56 INFO  Progress (1): 66 kB
2026.04.19 23:14:56 INFO  Progress (1): 70 kB
2026.04.19 23:14:56 INFO  Progress (1): 72 kB
2026.04.19 23:14:56 INFO  Progress (1): 75 kB
2026.04.19 23:14:56 INFO  Progress (1): 77 kB
2026.04.19 23:14:56 INFO                     
2026.04.19 23:14:56 INFO  Downloaded from central: https://repo.maven.apache.org/maven2/org/apache/commons/commons-parent/66/commons-parent-66.pom (77 kB at 963 kB/s)
2026.04.19 23:14:56 INFO  Downloading from central: https://repo.maven.apache.org/maven2/org/junit/junit-bom/5.10.1/junit-bom-5.10.1.pom
2026.04.19 23:14:56 INFO  Progress (1): 908 B
2026.04.19 23:14:56 INFO  Progress (1): 4.1 kB
2026.04.19 23:14:56 INFO  Progress (1): 5.6 kB
2026.04.19 23:14:56 INFO                      
2026.04.19 23:14:56 INFO  Downloaded from central: https://repo.maven.apache.org/maven2/org/junit/junit-bom/5.10.1/junit-bom-5.10.1.pom (5.6 kB at 109 kB/s)
2026.04.19 23:14:56 INFO  Downloading from central: https://repo.maven.apache.org/maven2/com/google/oauth-client/google-oauth-client/1.35.0/google-oauth-client-1.35.0.pom
2026.04.19 23:14:56 INFO  Progress (1): 1.1 kB
2026.04.19 23:14:56 INFO  Progress (1): 3.4 kB
2026.04.19 23:14:56 INFO                      
2026.04.19 23:14:56 INFO  Downloaded from central: https://repo.maven.apache.org/maven2/com/google/oauth-client/google-oauth-client/1.35.0/google-oauth-client-1.35.0.pom (3.4 kB at 62 kB/s)
2026.04.19 23:14:56 INFO  Downloading from central: https://repo.maven.apache.org/maven2/com/google/oauth-client/google-oauth-client-parent/1.35.0/google-oauth-client-parent-1.35.0.pom
2026.04.19 23:14:56 INFO  Progress (1): 1.0 kB
2026.04.19 23:14:56 INFO  Progress (1): 2.8 kB
2026.04.19 23:14:56 INFO  Progress (1): 6.9 kB
2026.04.19 23:14:56 INFO  Progress (1): 11 kB 
2026.04.19 23:14:56 INFO  Progress (1): 14 kB
2026.04.19 23:14:56 INFO  Progress (1): 17 kB
2026.04.19 23:14:56 INFO  Progress (1): 20 kB
2026.04.19 23:14:56 INFO  Progress (1): 20 kB
2026.04.19 23:14:56 INFO  Progress (1): 21 kB
2026.04.19 23:14:56 INFO                     
2026.04.19 23:14:56 INFO  Downloaded from central: https://repo.maven.apache.org/maven2/com/google/oauth-client/google-oauth-client-parent/1.35.0/google-oauth-client-parent-1.35.0.pom (21 kB at 361 kB/s)
2026.04.19 23:14:56 INFO  Downloading from central: https://repo.maven.apache.org/maven2/com/google/http-client/google-http-client-bom/1.43.3/google-http-client-bom-1.43.3.pom
2026.04.19 23:14:56 INFO  Progress (1): 1.1 kB
2026.04.19 23:14:56 INFO  Progress (1): 4.9 kB
2026.04.19 23:14:56 INFO  Progress (1): 6.8 kB
2026.04.19 23:14:56 INFO                      
2026.04.19 23:14:56 INFO  Downloaded from central: https://repo.maven.apache.org/maven2/com/google/http-client/google-http-client-bom/1.43.3/google-http-client-bom-1.43.3.pom (6.8 kB at 137 kB/s)
2026.04.19 23:14:56 INFO  Downloading from central: https://repo.maven.apache.org/maven2/com/google/http-client/google-http-client/1.43.3/google-http-client-1.43.3.pom
2026.04.19 23:14:56 INFO  Progress (1): 1.1 kB
2026.04.19 23:14:56 INFO  Progress (1): 3.5 kB
2026.04.19 23:14:56 INFO  Progress (1): 6.1 kB
2026.04.19 23:14:56 INFO                      
2026.04.19 23:14:56 INFO  Downloaded from central: https://repo.maven.apache.org/maven2/com/google/http-client/google-http-client/1.43.3/google-http-client-1.43.3.pom (6.1 kB at 117 kB/s)
2026.04.19 23:14:56 INFO  Downloading from central: https://repo.maven.apache.org/maven2/com/google/http-client/google-http-client-parent/1.43.3/google-http-client-parent-1.43.3.pom
2026.04.19 23:14:56 INFO  Progress (1): 1.0 kB
2026.04.19 23:14:56 INFO  Progress (1): 2.8 kB
2026.04.19 23:14:56 INFO  Progress (1): 6.0 kB
2026.04.19 23:14:56 INFO  Progress (1): 11 kB 
2026.04.19 23:14:56 INFO  Progress (1): 15 kB
2026.04.19 23:14:56 INFO  Progress (1): 19 kB
2026.04.19 23:14:56 INFO  Progress (1): 22 kB
2026.04.19 23:14:56 INFO  Progress (1): 23 kB
2026.04.19 23:14:56 INFO  Progress (1): 26 kB
2026.04.19 23:14:56 INFO  Progress (1): 27 kB
2026.04.19 23:14:56 INFO                     
2026.04.19 23:14:56 INFO  Downloaded from central: https://repo.maven.apache.org/maven2/com/google/http-client/google-http-client-parent/1.43.3/google-http-client-parent-1.43.3.pom (27 kB at 327 kB/s)
2026.04.19 23:14:56 INFO  Downloading from central: https://repo.maven.apache.org/maven2/org/apache/httpcomponents/httpclient/4.5.14/httpclient-4.5.14.pom
2026.04.19 23:14:56 INFO  Progress (1): 859 B
2026.04.19 23:14:56 INFO  Progress (1): 2.8 kB
2026.04.19 23:14:56 INFO  Progress (1): 5.0 kB
2026.04.19 23:14:56 INFO  Progress (1): 6.6 kB
2026.04.19 23:14:56 INFO                      
2026.04.19 23:14:56 INFO  Downloaded from central: https://repo.maven.apache.org/maven2/org/apache/httpcomponents/httpclient/4.5.14/httpclient-4.5.14.pom (6.6 kB at 100 kB/s)
2026.04.19 23:14:56 INFO  Downloading from central: https://repo.maven.apache.org/maven2/org/apache/httpcomponents/httpcomponents-client/4.5.14/httpcomponents-client-4.5.14.pom
2026.04.19 23:14:56 INFO  Progress (1): 841 B
2026.04.19 23:14:56 INFO  Progress (1): 2.3 kB
2026.04.19 23:14:56 INFO  Progress (1): 4.6 kB
2026.04.19 23:14:56 INFO  Progress (1): 8.6 kB
2026.04.19 23:14:56 INFO  Progress (1): 11 kB 
2026.04.19 23:14:56 INFO  Progress (1): 14 kB
2026.04.19 23:14:56 INFO  Progress (1): 15 kB
2026.04.19 23:14:56 INFO                     
2026.04.19 23:14:56 INFO  Downloaded from central: https://repo.maven.apache.org/maven2/org/apache/httpcomponents/httpcomponents-client/4.5.14/httpcomponents-client-4.5.14.pom (15 kB at 273 kB/s)
2026.04.19 23:14:56 INFO  Downloading from central: https://repo.maven.apache.org/maven2/org/apache/httpcomponents/httpcomponents-parent/11/httpcomponents-parent-11.pom
2026.04.19 23:14:56 INFO  Progress (1): 803 B
2026.04.19 23:14:56 INFO  Progress (1): 2.2 kB
2026.04.19 23:14:56 INFO  Progress (1): 3.7 kB
2026.04.19 23:14:56 INFO  Progress (1): 5.3 kB
2026.04.19 23:14:56 INFO  Progress (1): 6.5 kB
2026.04.19 23:14:56 INFO  Progress (1): 8.9 kB
2026.04.19 23:14:56 INFO  Progress (1): 12 kB 
2026.04.19 23:14:56 INFO  Progress (1): 15 kB
2026.04.19 23:14:56 INFO  Progress (1): 18 kB
2026.04.19 23:14:56 INFO  Progress (1): 23 kB
2026.04.19 23:14:56 INFO  Progress (1): 26 kB
2026.04.19 23:14:56 INFO  Progress (1): 28 kB
2026.04.19 23:14:56 INFO  Progress (1): 32 kB
2026.04.19 23:14:56 INFO  Progress (1): 34 kB
2026.04.19 23:14:56 INFO  Progress (1): 35 kB
2026.04.19 23:14:56 INFO                     
2026.04.19 23:14:56 INFO  Downloaded from central: https://repo.maven.apache.org/maven2/org/apache/httpcomponents/httpcomponents-parent/11/httpcomponents-parent-11.pom (35 kB at 542 kB/s)
2026.04.19 23:14:56 INFO  Downloading from central: https://repo.maven.apache.org/maven2/org/apache/apache/21/apache-21.pom
2026.04.19 23:14:56 INFO  Progress (1): 753 B
2026.04.19 23:14:56 INFO  Progress (1): 2.1 kB
2026.04.19 23:14:56 INFO  Progress (1): 3.9 kB
2026.04.19 23:14:56 INFO  Progress (1): 8.3 kB
2026.04.19 23:14:56 INFO  Progress (1): 13 kB 
2026.04.19 23:14:56 INFO  Progress (1): 16 kB
2026.04.19 23:14:56 INFO  Progress (1): 17 kB
2026.04.19 23:14:56 INFO                     
2026.04.19 23:14:56 INFO  Downloaded from central: https://repo.maven.apache.org/maven2/org/apache/apache/21/apache-21.pom (17 kB at 290 kB/s)
2026.04.19 23:14:57 INFO  Downloading from central: https://repo.maven.apache.org/maven2/org/apache/httpcomponents/httpcore/4.4.16/httpcore-4.4.16.pom
2026.04.19 23:14:57 INFO  Progress (1): 869 B
2026.04.19 23:14:57 INFO  Progress (1): 2.5 kB
2026.04.19 23:14:57 INFO  Progress (1): 4.7 kB
2026.04.19 23:14:57 INFO  Progress (1): 5.0 kB
2026.04.19 23:14:57 INFO                      
2026.04.19 23:14:57 INFO  Downloaded from central: https://repo.maven.apache.org/maven2/org/apache/httpcomponents/httpcore/4.4.16/httpcore-4.4.16.pom (5.0 kB at 92 kB/s)
2026.04.19 23:14:57 INFO  Downloading from central: https://repo.maven.apache.org/maven2/org/apache/httpcomponents/httpcomponents-core/4.4.16/httpcomponents-core-4.4.16.pom
2026.04.19 23:14:57 INFO  Progress (1): 850 B
2026.04.19 23:14:57 INFO  Progress (1): 2.3 kB
2026.04.19 23:14:57 INFO  Progress (1): 4.3 kB
2026.04.19 23:14:57 INFO  Progress (1): 7.2 kB
2026.04.19 23:14:57 INFO  Progress (1): 9.8 kB
2026.04.19 23:14:57 INFO  Progress (1): 12 kB 
2026.04.19 23:14:57 INFO                     
2026.04.19 23:14:57 INFO  Downloaded from central: https://repo.maven.apache.org/maven2/org/apache/httpcomponents/httpcomponents-core/4.4.16/httpcomponents-core-4.4.16.pom (12 kB at 249 kB/s)
2026.04.19 23:14:57 INFO  Downloading from central: https://repo.maven.apache.org/maven2/commons-logging/commons-logging/1.2/commons-logging-1.2.pom
2026.04.19 23:14:57 INFO  Progress (1): 768 B
2026.04.19 23:14:57 INFO  Progress (1): 2.0 kB
2026.04.19 23:14:57 INFO  Progress (1): 5.3 kB
2026.04.19 23:14:57 INFO  Progress (1): 7.4 kB
2026.04.19 23:14:57 INFO  Progress (1): 11 kB 
2026.04.19 23:14:57 INFO  Progress (1): 14 kB
2026.04.19 23:14:57 INFO  Progress (1): 17 kB
2026.04.19 23:14:57 INFO  Progress (1): 19 kB
2026.04.19 23:14:57 INFO  Progress (1): 19 kB
2026.04.19 23:14:57 INFO                     
2026.04.19 23:14:57 INFO  Downloaded from central: https://repo.maven.apache.org/maven2/commons-logging/commons-logging/1.2/commons-logging-1.2.pom (19 kB at 291 kB/s)
2026.04.19 23:14:57 INFO  Downloading from central: https://repo.maven.apache.org/maven2/org/apache/commons/commons-parent/34/commons-parent-34.pom
2026.04.19 23:14:57 INFO  Progress (1): 715 B
2026.04.19 23:14:57 INFO  Progress (1): 1.9 kB
2026.04.19 23:14:57 INFO  Progress (1): 3.2 kB
2026.04.19 23:14:57 INFO  Progress (1): 4.7 kB
2026.04.19 23:14:57 INFO  Progress (1): 8.3 kB
2026.04.19 23:14:57 INFO  Progress (1): 12 kB 
2026.04.19 23:14:57 INFO  Progress (1): 16 kB
2026.04.19 23:14:57 INFO  Progress (1): 19 kB
2026.04.19 23:14:57 INFO  Progress (1): 21 kB
2026.04.19 23:14:57 INFO  Progress (1): 24 kB
2026.04.19 23:14:57 INFO  Progress (1): 27 kB
2026.04.19 23:14:57 INFO  Progress (1): 30 kB
2026.04.19 23:14:57 INFO  Progress (1): 33 kB
2026.04.19 23:14:57 INFO  Progress (1): 37 kB
2026.04.19 23:14:57 INFO  Progress (1): 43 kB
2026.04.19 23:14:57 INFO  Progress (1): 43 kB
2026.04.19 23:14:57 INFO  Progress (1): 45 kB
2026.04.19 23:14:57 INFO  Progress (1): 48 kB
2026.04.19 23:14:57 INFO  Progress (1): 51 kB
2026.04.19 23:14:57 INFO  Progress (1): 53 kB
2026.04.19 23:14:57 INFO  Progress (1): 55 kB
2026.04.19 23:14:57 INFO  Progress (1): 56 kB
2026.04.19 23:14:57 INFO                     
2026.04.19 23:14:57 INFO  Downloaded from central: https://repo.maven.apache.org/maven2/org/apache/commons/commons-parent/34/commons-parent-34.pom (56 kB at 981 kB/s)
2026.04.19 23:14:57 INFO  Downloading from central: https://repo.maven.apache.org/maven2/com/google/code/findbugs/jsr305/3.0.2/jsr305-3.0.2.pom
2026.04.19 23:14:57 INFO  Progress (1): 1.0 kB
2026.04.19 23:14:57 INFO  Progress (1): 3.7 kB
2026.04.19 23:14:57 INFO  Progress (1): 4.3 kB
2026.04.19 23:14:57 INFO                      
2026.04.19 23:14:57 INFO  Downloading from central: https://repo.maven.apache.org/maven2/com/google/errorprone/error_prone_annotations/2.18.0/error_prone_annotations-2.18.0.pom
2026.04.19 23:14:57 INFO  Progress (1): 835 B
2026.04.19 23:14:57 INFO  Progress (1): 2.2 kB
2026.04.19 23:14:57 INFO                      
2026.04.19 23:14:57 INFO  Downloaded from central: https://repo.maven.apache.org/maven2/com/google/errorprone/error_prone_annotations/2.18.0/error_prone_annotations-2.18.0.pom (2.2 kB at 26 kB/s)
2026.04.19 23:14:57 INFO  Downloading from central: https://repo.maven.apache.org/maven2/com/google/errorprone/error_prone_parent/2.18.0/error_prone_parent-2.18.0.pom
2026.04.19 23:14:57 INFO  Progress (1): 725 B
2026.04.19 23:14:57 INFO  Progress (1): 2.2 kB
2026.04.19 23:14:57 INFO  Progress (1): 4.2 kB
2026.04.19 23:14:57 INFO  Progress (1): 8.5 kB
2026.04.19 23:14:57 INFO  Progress (1): 11 kB 
2026.04.19 23:14:57 INFO                     
2026.04.19 23:14:57 INFO  Downloaded from central: https://repo.maven.apache.org/maven2/com/google/errorprone/error_prone_parent/2.18.0/error_prone_parent-2.18.0.pom (11 kB at 168 kB/s)
2026.04.19 23:14:57 INFO  Downloading from central: https://repo.maven.apache.org/maven2/com/google/guava/guava/30.1.1-android/guava-30.1.1-android.pom
2026.04.19 23:14:57 INFO  Progress (1): 1.0 kB
2026.04.19 23:14:57 INFO  Progress (1): 3.0 kB
2026.04.19 23:14:57 INFO  Progress (1): 5.3 kB
2026.04.19 23:14:57 INFO  Progress (1): 6.9 kB
2026.04.19 23:14:57 INFO  Progress (1): 8.7 kB
2026.04.19 23:14:57 INFO  Progress (1): 11 kB 
2026.04.19 23:14:57 INFO  Progress (1): 12 kB
2026.04.19 23:14:57 INFO                     
2026.04.19 23:14:57 INFO  Downloaded from central: https://repo.maven.apache.org/maven2/com/google/guava/guava/30.1.1-android/guava-30.1.1-android.pom (12 kB at 207 kB/s)
2026.04.19 23:14:57 INFO  Downloading from central: https://repo.maven.apache.org/maven2/com/google/guava/guava-parent/30.1.1-android/guava-parent-30.1.1-android.pom
2026.04.19 23:14:57 INFO  Progress (1): 857 B
2026.04.19 23:14:57 INFO  Progress (1): 2.1 kB
2026.04.19 23:14:57 INFO  Progress (1): 4.2 kB
2026.04.19 23:14:57 INFO  Progress (1): 6.5 kB
2026.04.19 23:14:57 INFO  Progress (1): 8.8 kB
2026.04.19 23:14:57 INFO  Progress (1): 11 kB 
2026.04.19 23:14:57 INFO  Progress (1): 14 kB
2026.04.19 23:14:57 INFO                     
2026.04.19 23:14:57 INFO  Downloaded from central: https://repo.maven.apache.org/maven2/com/google/guava/guava-parent/30.1.1-android/guava-parent-30.1.1-android.pom (14 kB at 219 kB/s)
2026.04.19 23:14:57 INFO  Downloading from central: https://repo.maven.apache.org/maven2/com/google/guava/failureaccess/1.0.1/failureaccess-1.0.1.pom
2026.04.19 23:14:57 INFO  Progress (1): 980 B
2026.04.19 23:14:57 INFO  Progress (1): 2.4 kB
2026.04.19 23:14:57 INFO                      
2026.04.19 23:14:57 INFO  Downloaded from central: https://repo.maven.apache.org/maven2/com/google/guava/failureaccess/1.0.1/failureaccess-1.0.1.pom (2.4 kB at 51 kB/s)
2026.04.19 23:14:57 INFO  Downloading from central: https://repo.maven.apache.org/maven2/com/google/guava/guava-parent/26.0-android/guava-parent-26.0-android.pom
2026.04.19 23:14:58 INFO  Progress (1): 986 B
2026.04.19 23:14:58 INFO  Progress (1): 2.8 kB
2026.04.19 23:14:58 INFO  Progress (1): 5.4 kB
2026.04.19 23:14:58 INFO  Progress (1): 7.4 kB
2026.04.19 23:14:58 INFO  Progress (1): 10 kB 
2026.04.19 23:14:58 INFO                     
2026.04.19 23:14:58 INFO  Downloaded from central: https://repo.maven.apache.org/maven2/com/google/guava/guava-parent/26.0-android/guava-parent-26.0-android.pom (10 kB at 134 kB/s)
2026.04.19 23:14:58 INFO  Downloading from central: https://repo.maven.apache.org/maven2/org/checkerframework/checker-compat-qual/2.5.5/checker-compat-qual-2.5.5.pom
2026.04.19 23:14:58 INFO  Progress (1): 1.2 kB
2026.04.19 23:14:58 INFO  Progress (1): 2.7 kB
2026.04.19 23:14:58 INFO                      
2026.04.19 23:14:58 INFO  Downloaded from central: https://repo.maven.apache.org/maven2/org/checkerframework/checker-compat-qual/2.5.5/checker-compat-qual-2.5.5.pom (2.7 kB at 53 kB/s)
2026.04.19 23:14:58 INFO  Downloading from central: https://repo.maven.apache.org/maven2/com/google/errorprone/error_prone_annotations/2.5.1/error_prone_annotations-2.5.1.pom
2026.04.19 23:14:58 INFO  Progress (1): 835 B
2026.04.19 23:14:58 INFO  Progress (1): 2.1 kB
2026.04.19 23:14:58 INFO                      
2026.04.19 23:14:58 INFO  Downloaded from central: https://repo.maven.apache.org/maven2/com/google/errorprone/error_prone_annotations/2.5.1/error_prone_annotations-2.5.1.pom (2.1 kB at 32 kB/s)
2026.04.19 23:14:58 INFO  Downloading from central: https://repo.maven.apache.org/maven2/com/google/errorprone/error_prone_parent/2.5.1/error_prone_parent-2.5.1.pom
2026.04.19 23:14:58 INFO  Progress (1): 745 B
2026.04.19 23:14:58 INFO  Progress (1): 2.4 kB
2026.04.19 23:14:58 INFO  Progress (1): 4.9 kB
2026.04.19 23:14:58 INFO  Progress (1): 7.0 kB
2026.04.19 23:14:58 INFO                      
2026.04.19 23:14:58 INFO  Downloaded from central: https://repo.maven.apache.org/maven2/com/google/errorprone/error_prone_parent/2.5.1/error_prone_parent-2.5.1.pom (7.0 kB at 113 kB/s)
2026.04.19 23:14:58 INFO  Downloading from central: https://repo.maven.apache.org/maven2/com/google/j2objc/j2objc-annotations/1.3/j2objc-annotations-1.3.pom
2026.04.19 23:14:58 INFO  Progress (1): 858 B
2026.04.19 23:14:58 INFO  Progress (1): 2.8 kB
2026.04.19 23:14:58 INFO                      
2026.04.19 23:14:58 INFO  Downloaded from central: https://repo.maven.apache.org/maven2/com/google/j2objc/j2objc-annotations/1.3/j2objc-annotations-1.3.pom (2.8 kB at 63 kB/s)
2026.04.19 23:14:58 INFO  Downloading from central: https://repo.maven.apache.org/maven2/com/google/j2objc/j2objc-annotations/2.8/j2objc-annotations-2.8.pom
2026.04.19 23:14:58 INFO  Progress (1): 858 B
2026.04.19 23:14:58 INFO  Progress (1): 2.9 kB
2026.04.19 23:14:58 INFO                      
2026.04.19 23:14:58 INFO  Downloaded from central: https://repo.maven.apache.org/maven2/com/google/j2objc/j2objc-annotations/2.8/j2objc-annotations-2.8.pom (2.9 kB at 71 kB/s)
2026.04.19 23:14:58 INFO  Downloading from central: https://repo.maven.apache.org/maven2/io/opencensus/opencensus-api/0.31.1/opencensus-api-0.31.1.pom
2026.04.19 23:14:58 INFO  Progress (1): 1.3 kB
2026.04.19 23:14:58 INFO  Progress (1): 2.2 kB
2026.04.19 23:14:58 INFO                      
2026.04.19 23:14:58 INFO  Downloaded from central: https://repo.maven.apache.org/maven2/io/opencensus/opencensus-api/0.31.1/opencensus-api-0.31.1.pom (2.2 kB at 45 kB/s)
2026.04.19 23:14:58 INFO  Downloading from central: https://repo.maven.apache.org/maven2/io/grpc/grpc-context/1.27.2/grpc-context-1.27.2.pom
2026.04.19 23:14:58 INFO  Progress (1): 1.2 kB
2026.04.19 23:14:58 INFO                      
2026.04.19 23:14:58 INFO  Downloaded from central: https://repo.maven.apache.org/maven2/io/grpc/grpc-context/1.27.2/grpc-context-1.27.2.pom (1.2 kB at 24 kB/s)
2026.04.19 23:14:58 INFO  Downloading from central: https://repo.maven.apache.org/maven2/io/opencensus/opencensus-contrib-http-util/0.31.1/opencensus-contrib-http-util-0.31.1.pom
2026.04.19 23:14:58 INFO  Progress (1): 1.3 kB
2026.04.19 23:14:58 INFO  Progress (1): 2.4 kB
2026.04.19 23:14:58 INFO                      
2026.04.19 23:14:58 INFO  Downloaded from central: https://repo.maven.apache.org/maven2/io/opencensus/opencensus-contrib-http-util/0.31.1/opencensus-contrib-http-util-0.31.1.pom (2.4 kB at 44 kB/s)
2026.04.19 23:14:58 INFO  Downloading from central: https://repo.maven.apache.org/maven2/com/google/guava/guava/29.0-android/guava-29.0-android.pom
2026.04.19 23:14:58 INFO  Progress (1): 1.0 kB
2026.04.19 23:14:58 INFO  Progress (1): 3.0 kB
2026.04.19 23:14:58 INFO  Progress (1): 4.9 kB
2026.04.19 23:14:58 INFO  Progress (1): 6.8 kB
2026.04.19 23:14:58 INFO  Progress (1): 8.6 kB
2026.04.19 23:14:58 INFO  Progress (1): 11 kB 
2026.04.19 23:14:58 INFO                     
2026.04.19 23:14:58 INFO  Downloaded from central: https://repo.maven.apache.org/maven2/com/google/guava/guava/29.0-android/guava-29.0-android.pom (11 kB at 214 kB/s)
2026.04.19 23:14:58 INFO  Downloading from central: https://repo.maven.apache.org/maven2/com/google/guava/guava-parent/29.0-android/guava-parent-29.0-android.pom
2026.04.19 23:14:58 INFO  Progress (1): 967 B
2026.04.19 23:14:58 INFO  Progress (1): 2.8 kB
2026.04.19 23:14:58 INFO  Progress (1): 5.1 kB
2026.04.19 23:14:58 INFO  Progress (1): 7.5 kB
2026.04.19 23:14:58 INFO  Progress (1): 9.4 kB
2026.04.19 23:14:58 INFO  Progress (1): 13 kB 
2026.04.19 23:14:58 INFO                     
2026.04.19 23:14:58 INFO  Downloaded from central: https://repo.maven.apache.org/maven2/com/google/guava/guava-parent/29.0-android/guava-parent-29.0-android.pom (13 kB at 226 kB/s)
2026.04.19 23:14:58 INFO  Downloading from central: https://repo.maven.apache.org/maven2/com/google/errorprone/error_prone_annotations/2.3.4/error_prone_annotations-2.3.4.pom
2026.04.19 23:14:58 INFO  Progress (1): 835 B
2026.04.19 23:14:58 INFO  Progress (1): 2.1 kB
2026.04.19 23:14:58 INFO                      
2026.04.19 23:14:58 INFO  Downloaded from central: https://repo.maven.apache.org/maven2/com/google/errorprone/error_prone_annotations/2.3.4/error_prone_annotations-2.3.4.pom (2.1 kB at 50 kB/s)
2026.04.19 23:14:58 INFO  Downloading from central: https://repo.maven.apache.org/maven2/com/google/errorprone/error_prone_parent/2.3.4/error_prone_parent-2.3.4.pom
2026.04.19 23:14:58 INFO  Progress (1): 752 B
2026.04.19 23:14:58 INFO  Progress (1): 2.4 kB
2026.04.19 23:14:58 INFO  Progress (1): 5.0 kB
2026.04.19 23:14:58 INFO  Progress (1): 5.4 kB
2026.04.19 23:14:58 INFO                      
2026.04.19 23:14:58 INFO  Downloaded from central: https://repo.maven.apache.org/maven2/com/google/errorprone/error_prone_parent/2.3.4/error_prone_parent-2.3.4.pom (5.4 kB at 132 kB/s)
2026.04.19 23:14:58 INFO  Downloading from central: https://repo.maven.apache.org/maven2/com/google/http-client/google-http-client-gson/1.43.3/google-http-client-gson-1.43.3.pom
2026.04.19 23:14:58 INFO  Progress (1): 1.3 kB
2026.04.19 23:14:58 INFO  Progress (1): 2.9 kB
2026.04.19 23:14:58 INFO                      
2026.04.19 23:14:58 INFO  Downloaded from central: https://repo.maven.apache.org/maven2/com/google/http-client/google-http-client-gson/1.43.3/google-http-client-gson-1.43.3.pom (2.9 kB at 64 kB/s)
2026.04.19 23:14:59 INFO  Downloading from central: https://repo.maven.apache.org/maven2/com/google/code/gson/gson/2.10.1/gson-2.10.1.pom
2026.04.19 23:14:59 INFO  Progress (1): 1.1 kB
2026.04.19 23:14:59 INFO  Progress (1): 3.4 kB
2026.04.19 23:14:59 INFO  Progress (1): 6.7 kB
2026.04.19 23:14:59 INFO  Progress (1): 8.7 kB
2026.04.19 23:14:59 INFO  Progress (1): 9.4 kB
2026.04.19 23:14:59 INFO                      
2026.04.19 23:14:59 INFO  Downloaded from central: https://repo.maven.apache.org/maven2/com/google/code/gson/gson/2.10.1/gson-2.10.1.pom (9.4 kB at 161 kB/s)
2026.04.19 23:14:59 INFO  Downloading from central: https://repo.maven.apache.org/maven2/com/google/code/gson/gson-parent/2.10.1/gson-parent-2.10.1.pom
2026.04.19 23:14:59 INFO  Progress (1): 1.1 kB
2026.04.19 23:14:59 INFO  Progress (1): 2.7 kB
2026.04.19 23:14:59 INFO  Progress (1): 4.3 kB
2026.04.19 23:14:59 INFO  Progress (1): 6.5 kB
2026.04.19 23:14:59 INFO  Progress (1): 8.5 kB
2026.04.19 23:14:59 INFO  Progress (1): 11 kB 
2026.04.19 23:14:59 INFO  Progress (1): 13 kB
2026.04.19 23:14:59 INFO                     
2026.04.19 23:14:59 INFO  Downloaded from central: https://repo.maven.apache.org/maven2/com/google/code/gson/gson-parent/2.10.1/gson-parent-2.10.1.pom (13 kB at 228 kB/s)
2026.04.19 23:14:59 INFO  Downloading from central: https://repo.maven.apache.org/maven2/com/google/guava/guava/31.1-android/guava-31.1-android.pom
2026.04.19 23:14:59 INFO  Progress (1): 1.1 kB
2026.04.19 23:14:59 INFO  Progress (1): 2.9 kB
2026.04.19 23:14:59 INFO  Progress (1): 4.9 kB
2026.04.19 23:14:59 INFO  Progress (1): 6.8 kB
2026.04.19 23:14:59 INFO  Progress (1): 8.5 kB
2026.04.19 23:14:59 INFO  Progress (1): 11 kB 
2026.04.19 23:14:59 INFO                     
2026.04.19 23:14:59 INFO  Downloaded from central: https://repo.maven.apache.org/maven2/com/google/guava/guava/31.1-android/guava-31.1-android.pom (11 kB at 169 kB/s)
2026.04.19 23:14:59 INFO  Downloading from central: https://repo.maven.apache.org/maven2/com/google/guava/guava-parent/31.1-android/guava-parent-31.1-android.pom
2026.04.19 23:14:59 INFO  Progress (1): 901 B
2026.04.19 23:14:59 INFO  Progress (1): 2.6 kB
2026.04.19 23:14:59 INFO  Progress (1): 5.1 kB
2026.04.19 23:14:59 INFO  Progress (1): 7.1 kB
2026.04.19 23:14:59 INFO  Progress (1): 9.0 kB
2026.04.19 23:14:59 INFO  Progress (1): 12 kB 
2026.04.19 23:14:59 INFO  Progress (1): 15 kB
2026.04.19 23:14:59 INFO  Progress (1): 15 kB
2026.04.19 23:14:59 INFO                     
2026.04.19 23:14:59 INFO  Downloaded from central: https://repo.maven.apache.org/maven2/com/google/guava/guava-parent/31.1-android/guava-parent-31.1-android.pom (15 kB at 179 kB/s)
2026.04.19 23:14:59 INFO  Downloading from central: https://repo.maven.apache.org/maven2/org/checkerframework/checker-qual/3.12.0/checker-qual-3.12.0.pom
2026.04.19 23:14:59 INFO  Progress (1): 951 B
2026.04.19 23:14:59 INFO  Progress (1): 2.1 kB
2026.04.19 23:14:59 INFO                      
2026.04.19 23:14:59 INFO  Downloaded from central: https://repo.maven.apache.org/maven2/org/checkerframework/checker-qual/3.12.0/checker-qual-3.12.0.pom (2.1 kB at 24 kB/s)
2026.04.19 23:14:59 INFO  Downloading from central: https://repo.maven.apache.org/maven2/com/google/errorprone/error_prone_annotations/2.11.0/error_prone_annotations-2.11.0.pom
2026.04.19 23:14:59 INFO  Progress (1): 835 B
2026.04.19 23:14:59 INFO  Progress (1): 2.2 kB
2026.04.19 23:14:59 INFO                      
2026.04.19 23:14:59 INFO  Downloaded from central: https://repo.maven.apache.org/maven2/com/google/errorprone/error_prone_annotations/2.11.0/error_prone_annotations-2.11.0.pom (2.2 kB at 23 kB/s)
2026.04.19 23:14:59 INFO  Downloading from central: https://repo.maven.apache.org/maven2/com/google/errorprone/error_prone_parent/2.11.0/error_prone_parent-2.11.0.pom
2026.04.19 23:14:59 INFO  Progress (1): 729 B
2026.04.19 23:14:59 INFO  Progress (1): 2.2 kB
2026.04.19 23:14:59 INFO  Progress (1): 4.2 kB
2026.04.19 23:14:59 INFO  Progress (1): 8.5 kB
2026.04.19 23:14:59 INFO  Progress (1): 11 kB 
2026.04.19 23:14:59 INFO                     
2026.04.19 23:14:59 INFO  Downloaded from central: https://repo.maven.apache.org/maven2/com/google/errorprone/error_prone_parent/2.11.0/error_prone_parent-2.11.0.pom (11 kB at 57 kB/s)
2026.04.19 23:14:59 INFO  Downloading from central: https://repo.maven.apache.org/maven2/com/google/auth/google-auth-library-credentials/1.23.0/google-auth-library-credentials-1.23.0.pom
2026.04.19 23:15:00 INFO  Progress (1): 1.2 kB
2026.04.19 23:15:00 INFO  Progress (1): 2.0 kB
2026.04.19 23:15:00 INFO                      
2026.04.19 23:15:00 INFO  Downloaded from central: https://repo.maven.apache.org/maven2/com/google/auth/google-auth-library-credentials/1.23.0/google-auth-library-credentials-1.23.0.pom (2.0 kB at 9.9 kB/s)
2026.04.19 23:15:00 INFO  Downloading from central: https://repo.maven.apache.org/maven2/com/google/auth/google-auth-library-parent/1.23.0/google-auth-library-parent-1.23.0.pom
2026.04.19 23:15:00 INFO  Progress (1): 937 B
2026.04.19 23:15:00 INFO  Progress (1): 2.8 kB
2026.04.19 23:15:00 INFO  Progress (1): 6.3 kB
2026.04.19 23:15:00 INFO  Progress (1): 9.8 kB
2026.04.19 23:15:00 INFO  Progress (1): 13 kB 
2026.04.19 23:15:00 INFO  Progress (1): 16 kB
2026.04.19 23:15:00 INFO  Progress (1): 16 kB
2026.04.19 23:15:00 INFO                     
2026.04.19 23:15:00 INFO  Downloaded from central: https://repo.maven.apache.org/maven2/com/google/auth/google-auth-library-parent/1.23.0/google-auth-library-parent-1.23.0.pom (16 kB at 112 kB/s)
2026.04.19 23:15:00 INFO  Downloading from central: https://repo.maven.apache.org/maven2/com/google/cloud/google-cloud-shared-config/1.6.1/google-cloud-shared-config-1.6.1.pom
2026.04.19 23:15:00 INFO  Progress (1): 1.0 kB
2026.04.19 23:15:00 INFO  Progress (1): 2.8 kB
2026.04.19 23:15:00 INFO  Progress (1): 4.9 kB
2026.04.19 23:15:00 INFO  Progress (1): 7.7 kB
2026.04.19 23:15:00 INFO  Progress (1): 11 kB 
2026.04.19 23:15:00 INFO  Progress (1): 16 kB
2026.04.19 23:15:00 INFO  Progress (1): 19 kB
2026.04.19 23:15:00 INFO  Progress (1): 22 kB
2026.04.19 23:15:00 INFO  Progress (1): 25 kB
2026.04.19 23:15:00 INFO  Progress (1): 27 kB
2026.04.19 23:15:00 INFO  Progress (1): 30 kB
2026.04.19 23:15:00 INFO  Progress (1): 30 kB
2026.04.19 23:15:00 INFO                     
2026.04.19 23:15:00 INFO  Downloaded from central: https://repo.maven.apache.org/maven2/com/google/cloud/google-cloud-shared-config/1.6.1/google-cloud-shared-config-1.6.1.pom (30 kB at 167 kB/s)
2026.04.19 23:15:00 INFO  Downloading from central: https://repo.maven.apache.org/maven2/com/google/auto/value/auto-value-annotations/1.10.4/auto-value-annotations-1.10.4.pom
2026.04.19 23:15:01 INFO  Progress (1): 823 B
2026.04.19 23:15:01 INFO  Progress (1): 2.6 kB
2026.04.19 23:15:01 INFO  Progress (1): 2.7 kB
2026.04.19 23:15:01 INFO                      
2026.04.19 23:15:01 INFO  Downloaded from central: https://repo.maven.apache.org/maven2/com/google/auto/value/auto-value-annotations/1.10.4/auto-value-annotations-1.10.4.pom (2.7 kB at 20 kB/s)
2026.04.19 23:15:01 INFO  Downloading from central: https://repo.maven.apache.org/maven2/com/google/auto/value/auto-value-parent/1.10.4/auto-value-parent-1.10.4.pom
2026.04.19 23:15:01 INFO  Progress (1): 732 B
2026.04.19 23:15:01 INFO  Progress (1): 2.3 kB
2026.04.19 23:15:01 INFO  Progress (1): 5.0 kB
2026.04.19 23:15:01 INFO  Progress (1): 8.3 kB
2026.04.19 23:15:01 INFO  Progress (1): 8.3 kB
2026.04.19 23:15:01 INFO                      
2026.04.19 23:15:01 INFO  Downloaded from central: https://repo.maven.apache.org/maven2/com/google/auto/value/auto-value-parent/1.10.4/auto-value-parent-1.10.4.pom (8.3 kB at 146 kB/s)
2026.04.19 23:15:01 INFO  Downloading from central: https://repo.maven.apache.org/maven2/com/google/guava/guava-parent/32.0.0-android/guava-parent-32.0.0-android.pom
2026.04.19 23:15:01 INFO  Progress (1): 889 B
2026.04.19 23:15:01 INFO  Progress (1): 2.6 kB
2026.04.19 23:15:01 INFO  Progress (1): 4.6 kB
2026.04.19 23:15:01 INFO  Progress (1): 6.7 kB
2026.04.19 23:15:01 INFO  Progress (1): 9.1 kB
2026.04.19 23:15:01 INFO  Progress (1): 11 kB 
2026.04.19 23:15:01 INFO  Progress (1): 14 kB
2026.04.19 23:15:01 INFO  Progress (1): 16 kB
2026.04.19 23:15:01 INFO  Progress (1): 18 kB
2026.04.19 23:15:01 INFO  Progress (1): 20 kB
2026.04.19 23:15:01 INFO  Progress (1): 21 kB
2026.04.19 23:15:01 INFO                     
2026.04.19 23:15:01 INFO  Downloaded from central: https://repo.maven.apache.org/maven2/com/google/guava/guava-parent/32.0.0-android/guava-parent-32.0.0-android.pom (21 kB at 195 kB/s)
2026.04.19 23:15:01 INFO  [WARNING] The POM for com.google.guava:guava:jar:32.0.0-android is invalid, transitive dependencies (if any) will not be available: 1 problem was encountered while building the effective model for com.google.guava:guava:32.0.0-android
2026.04.19 23:15:01 INFO  [FATAL] Non-readable POM C:\Users\KM Computers\.m2\repository\com\google\guava\guava-parent\32.0.0-android\guava-parent-32.0.0-android.pom: input contained no data @ C:\Users\KM Computers\.m2\repository\com\google\guava\guava-parent\32.0.0-android\guava-parent-32.0.0-android.pom
2026.04.19 23:15:01 INFO  
2026.04.19 23:15:01 INFO  Downloading from central: https://repo.maven.apache.org/maven2/com/google/http-client/google-http-client-gson/1.44.1/google-http-client-gson-1.44.1.pom
2026.04.19 23:15:01 INFO  Progress (1): 1.3 kB
2026.04.19 23:15:01 INFO  Progress (1): 2.7 kB
2026.04.19 23:15:01 INFO                      
2026.04.19 23:15:01 INFO  Downloaded from central: https://repo.maven.apache.org/maven2/com/google/http-client/google-http-client-gson/1.44.1/google-http-client-gson-1.44.1.pom (2.7 kB at 50 kB/s)
2026.04.19 23:15:01 INFO  Downloading from central: https://repo.maven.apache.org/maven2/com/google/http-client/google-http-client-parent/1.44.1/google-http-client-parent-1.44.1.pom
2026.04.19 23:15:01 INFO  Progress (1): 1.0 kB
2026.04.19 23:15:01 INFO  Progress (1): 2.8 kB
2026.04.19 23:15:01 INFO  Progress (1): 5.6 kB
2026.04.19 23:15:01 INFO  Progress (1): 11 kB 
2026.04.19 23:15:01 INFO  Progress (1): 16 kB
2026.04.19 23:15:01 INFO  Progress (1): 19 kB
2026.04.19 23:15:01 INFO  Progress (1): 22 kB
2026.04.19 23:15:01 INFO  Progress (1): 25 kB
2026.04.19 23:15:01 INFO  Progress (1): 28 kB
2026.04.19 23:15:01 INFO  Progress (1): 28 kB
2026.04.19 23:15:01 INFO                     
2026.04.19 23:15:01 INFO  Downloaded from central: https://repo.maven.apache.org/maven2/com/google/http-client/google-http-client-parent/1.44.1/google-http-client-parent-1.44.1.pom (28 kB at 476 kB/s)
2026.04.19 23:15:01 INFO  Downloading from central: https://repo.maven.apache.org/maven2/com/google/cloud/native-image-shared-config/1.7.1/native-image-shared-config-1.7.1.pom
2026.04.19 23:15:01 INFO  Progress (1): 1.0 kB
2026.04.19 23:15:01 INFO  Progress (1): 2.9 kB
2026.04.19 23:15:01 INFO  Progress (1): 6.2 kB
2026.04.19 23:15:01 INFO  Progress (1): 7.4 kB
2026.04.19 23:15:01 INFO                      
2026.04.19 23:15:01 INFO  Downloaded from central: https://repo.maven.apache.org/maven2/com/google/cloud/native-image-shared-config/1.7.1/native-image-shared-config-1.7.1.pom (7.4 kB at 114 kB/s)
2026.04.19 23:15:01 INFO  Downloading from central: https://repo.maven.apache.org/maven2/com/google/http-client/google-http-client/1.44.1/google-http-client-1.44.1.pom
2026.04.19 23:15:01 INFO  Progress (1): 1.1 kB
2026.04.19 23:15:01 INFO  Progress (1): 3.5 kB
2026.04.19 23:15:01 INFO  Progress (1): 6.5 kB
2026.04.19 23:15:01 INFO  Progress (1): 6.5 kB
2026.04.19 23:15:01 INFO                      
2026.04.19 23:15:01 INFO  Downloaded from central: https://repo.maven.apache.org/maven2/com/google/http-client/google-http-client/1.44.1/google-http-client-1.44.1.pom (6.5 kB at 102 kB/s)
2026.04.19 23:15:01 INFO  Downloading from central: https://repo.maven.apache.org/maven2/com/google/errorprone/error_prone_annotations/2.23.0/error_prone_annotations-2.23.0.pom
2026.04.19 23:15:01 INFO  Progress (1): 840 B
2026.04.19 23:15:01 INFO  Progress (1): 1.8 kB
2026.04.19 23:15:01 INFO                      
2026.04.19 23:15:01 INFO  Downloaded from central: https://repo.maven.apache.org/maven2/com/google/errorprone/error_prone_annotations/2.23.0/error_prone_annotations-2.23.0.pom (1.8 kB at 27 kB/s)
2026.04.19 23:15:01 INFO  Downloading from central: https://repo.maven.apache.org/maven2/com/google/errorprone/error_prone_parent/2.23.0/error_prone_parent-2.23.0.pom
2026.04.19 23:15:01 INFO  Progress (1): 722 B
2026.04.19 23:15:01 INFO  Progress (1): 2.1 kB
2026.04.19 23:15:01 INFO  Progress (1): 4.1 kB
2026.04.19 23:15:01 INFO  Progress (1): 6.5 kB
2026.04.19 23:15:01 INFO  Progress (1): 11 kB 
2026.04.19 23:15:01 INFO  Progress (1): 13 kB
2026.04.19 23:15:01 INFO                     
2026.04.19 23:15:01 INFO  Downloaded from central: https://repo.maven.apache.org/maven2/com/google/errorprone/error_prone_parent/2.23.0/error_prone_parent-2.23.0.pom (13 kB at 229 kB/s)
2026.04.19 23:15:02 INFO  Downloading from central: https://repo.maven.apache.org/maven2/io/grpc/grpc-context/1.60.1/grpc-context-1.60.1.pom
2026.04.19 23:15:02 INFO  Progress (1): 1.3 kB
2026.04.19 23:15:02 INFO  Progress (1): 1.9 kB
2026.04.19 23:15:02 INFO                      
2026.04.19 23:15:02 INFO  Downloaded from central: https://repo.maven.apache.org/maven2/io/grpc/grpc-context/1.60.1/grpc-context-1.60.1.pom (1.9 kB at 34 kB/s)
2026.04.19 23:15:02 INFO  Downloading from central: https://repo.maven.apache.org/maven2/io/grpc/grpc-api/1.60.1/grpc-api-1.60.1.pom
2026.04.19 23:15:02 INFO  Progress (1): 1.3 kB
2026.04.19 23:15:02 INFO  Progress (1): 1.8 kB
2026.04.19 23:15:02 INFO                      
2026.04.19 23:15:02 INFO  Downloaded from central: https://repo.maven.apache.org/maven2/io/grpc/grpc-api/1.60.1/grpc-api-1.60.1.pom (1.8 kB at 23 kB/s)
2026.04.19 23:15:02 INFO  Downloading from central: https://repo.maven.apache.org/maven2/com/google/guava/guava/33.0.0-jre/guava-33.0.0-jre.pom
2026.04.19 23:15:02 INFO  Progress (1): 951 B
2026.04.19 23:15:02 INFO  Progress (1): 2.6 kB
2026.04.19 23:15:02 INFO  Progress (1): 4.7 kB
2026.04.19 23:15:02 INFO  Progress (1): 6.3 kB
2026.04.19 23:15:02 INFO  Progress (1): 7.9 kB
2026.04.19 23:15:02 INFO  Progress (1): 11 kB 
2026.04.19 23:15:02 INFO  Progress (1): 13 kB
2026.04.19 23:15:02 INFO                     
2026.04.19 23:15:02 INFO  Downloaded from central: https://repo.maven.apache.org/maven2/com/google/guava/guava/33.0.0-jre/guava-33.0.0-jre.pom (13 kB at 172 kB/s)
2026.04.19 23:15:02 INFO  Downloading from central: https://repo.maven.apache.org/maven2/com/google/guava/guava-parent/33.0.0-jre/guava-parent-33.0.0-jre.pom
2026.04.19 23:15:02 INFO  Progress (1): 904 B
2026.04.19 23:15:02 INFO  Progress (1): 2.5 kB
2026.04.19 23:15:02 INFO  Progress (1): 4.7 kB
2026.04.19 23:15:02 INFO  Progress (1): 6.8 kB
2026.04.19 23:15:02 INFO  Progress (1): 9.2 kB
2026.04.19 23:15:02 INFO  Progress (1): 11 kB 
2026.04.19 23:15:02 INFO  Progress (1): 13 kB
2026.04.19 23:15:02 INFO  Progress (1): 15 kB
2026.04.19 23:15:02 INFO  Progress (1): 17 kB
2026.04.19 23:15:02 INFO  Progress (1): 19 kB
2026.04.19 23:15:02 INFO                     
2026.04.19 23:15:02 INFO  Downloaded from central: https://repo.maven.apache.org/maven2/com/google/guava/guava-parent/33.0.0-jre/guava-parent-33.0.0-jre.pom (19 kB at 255 kB/s)
2026.04.19 23:15:02 INFO  Downloading from central: https://repo.maven.apache.org/maven2/com/google/guava/failureaccess/1.0.2/failureaccess-1.0.2.pom
2026.04.19 23:15:02 INFO  Progress (1): 975 B
2026.04.19 23:15:02 INFO  Progress (1): 3.3 kB
2026.04.19 23:15:02 INFO                      
2026.04.19 23:15:02 INFO  Downloaded from central: https://repo.maven.apache.org/maven2/com/google/guava/failureaccess/1.0.2/failureaccess-1.0.2.pom (3.3 kB at 28 kB/s)
2026.04.19 23:15:02 INFO  Downloading from central: https://repo.maven.apache.org/maven2/org/checkerframework/checker-qual/3.41.0/checker-qual-3.41.0.pom
2026.04.19 23:15:02 INFO  Progress (1): 952 B
2026.04.19 23:15:02 INFO  Progress (1): 2.1 kB
2026.04.19 23:15:02 INFO                      
2026.04.19 23:15:02 INFO  Downloaded from central: https://repo.maven.apache.org/maven2/org/checkerframework/checker-qual/3.41.0/checker-qual-3.41.0.pom (2.1 kB at 34 kB/s)
2026.04.19 23:15:02 INFO  Downloading from central: https://repo.maven.apache.org/maven2/com/google/http-client/google-http-client-apache-v2/1.44.1/google-http-client-apache-v2-1.44.1.pom
2026.04.19 23:15:02 INFO  Progress (1): 1.3 kB
2026.04.19 23:15:02 INFO  Progress (1): 3.3 kB
2026.04.19 23:15:02 INFO                      
2026.04.19 23:15:02 INFO  Downloaded from central: https://repo.maven.apache.org/maven2/com/google/http-client/google-http-client-apache-v2/1.44.1/google-http-client-apache-v2-1.44.1.pom (3.3 kB at 37 kB/s)
2026.04.19 23:15:02 INFO  Downloading from central: https://repo.maven.apache.org/maven2/com/google/api-client/google-api-client-gson/2.4.0/google-api-client-gson-2.4.0.pom
2026.04.19 23:15:03 INFO  Progress (1): 1.3 kB
2026.04.19 23:15:03 INFO  Progress (1): 3.3 kB
2026.04.19 23:15:03 INFO                      
2026.04.19 23:15:03 INFO  Downloaded from central: https://repo.maven.apache.org/maven2/com/google/api-client/google-api-client-gson/2.4.0/google-api-client-gson-2.4.0.pom (3.3 kB at 11 kB/s)
2026.04.19 23:15:03 INFO  Downloading from central: https://repo.maven.apache.org/maven2/com/google/api/api-common/2.31.0/api-common-2.31.0.pom
2026.04.19 23:15:03 INFO  Progress (1): 1.2 kB
2026.04.19 23:15:03 INFO  Progress (1): 4.0 kB
2026.04.19 23:15:03 INFO  Progress (1): 5.0 kB
2026.04.19 23:15:03 INFO                      
2026.04.19 23:15:03 INFO  Downloaded from central: https://repo.maven.apache.org/maven2/com/google/api/api-common/2.31.0/api-common-2.31.0.pom (5.0 kB at 43 kB/s)
2026.04.19 23:15:03 INFO  Downloading from central: https://repo.maven.apache.org/maven2/com/google/guava/guava/33.1.0-jre/guava-33.1.0-jre.pom
2026.04.19 23:15:03 INFO  Progress (1): 953 B
2026.04.19 23:15:03 INFO  Progress (1): 2.9 kB
2026.04.19 23:15:03 INFO  Progress (1): 4.8 kB
2026.04.19 23:15:03 INFO  Progress (1): 6.4 kB
2026.04.19 23:15:03 INFO  Progress (1): 9.1 kB
2026.04.19 23:15:03 INFO                      
2026.04.19 23:15:03 INFO  Downloaded from central: https://repo.maven.apache.org/maven2/com/google/guava/guava/33.1.0-jre/guava-33.1.0-jre.pom (9.1 kB at 171 kB/s)
2026.04.19 23:15:03 INFO  Downloading from central: https://repo.maven.apache.org/maven2/com/google/guava/guava-parent/33.1.0-jre/guava-parent-33.1.0-jre.pom
2026.04.19 23:15:03 INFO  Progress (1): 901 B
2026.04.19 23:15:03 INFO  Progress (1): 2.5 kB
2026.04.19 23:15:03 INFO  Progress (1): 4.7 kB
2026.04.19 23:15:03 INFO  Progress (1): 6.7 kB
2026.04.19 23:15:03 INFO  Progress (1): 9.4 kB
2026.04.19 23:15:03 INFO  Progress (1): 11 kB 
2026.04.19 23:15:03 INFO  Progress (1): 13 kB
2026.04.19 23:15:03 INFO  Progress (1): 15 kB
2026.04.19 23:15:03 INFO  Progress (1): 17 kB
2026.04.19 23:15:03 INFO  Progress (1): 19 kB
2026.04.19 23:15:03 INFO  Progress (1): 19 kB
2026.04.19 23:15:03 INFO                     
2026.04.19 23:15:03 INFO  Downloaded from central: https://repo.maven.apache.org/maven2/com/google/guava/guava-parent/33.1.0-jre/guava-parent-33.1.0-jre.pom (19 kB at 381 kB/s)
2026.04.19 23:15:03 INFO  Downloading from central: https://repo.maven.apache.org/maven2/org/checkerframework/checker-qual/3.42.0/checker-qual-3.42.0.pom
2026.04.19 23:15:03 INFO  Progress (1): 940 B
2026.04.19 23:15:03 INFO  Progress (1): 2.1 kB
2026.04.19 23:15:03 INFO                      
2026.04.19 23:15:03 INFO  Downloaded from central: https://repo.maven.apache.org/maven2/org/checkerframework/checker-qual/3.42.0/checker-qual-3.42.0.pom (2.1 kB at 50 kB/s)
2026.04.19 23:15:03 INFO  Downloading from central: https://repo.maven.apache.org/maven2/com/google/errorprone/error_prone_annotations/2.26.1/error_prone_annotations-2.26.1.pom
2026.04.19 23:15:03 INFO  Progress (1): 759 B
2026.04.19 23:15:03 INFO  Progress (1): 2.7 kB
2026.04.19 23:15:03 INFO  Progress (1): 4.3 kB
2026.04.19 23:15:03 INFO                      
2026.04.19 23:15:03 INFO  Downloaded from central: https://repo.maven.apache.org/maven2/com/google/errorprone/error_prone_annotations/2.26.1/error_prone_annotations-2.26.1.pom (4.3 kB at 75 kB/s)
2026.04.19 23:15:03 INFO  Downloading from central: https://repo.maven.apache.org/maven2/com/google/errorprone/error_prone_parent/2.26.1/error_prone_parent-2.26.1.pom
2026.04.19 23:15:03 INFO  Progress (1): 719 B
2026.04.19 23:15:03 INFO  Progress (1): 2.1 kB
2026.04.19 23:15:03 INFO  Progress (1): 4.1 kB
2026.04.19 23:15:03 INFO  Progress (1): 6.5 kB
2026.04.19 23:15:03 INFO  Progress (1): 11 kB 
2026.04.19 23:15:03 INFO  Progress (1): 13 kB
2026.04.19 23:15:03 INFO                     
2026.04.19 23:15:03 INFO  Downloaded from central: https://repo.maven.apache.org/maven2/com/google/errorprone/error_prone_parent/2.26.1/error_prone_parent-2.26.1.pom (13 kB at 185 kB/s)
2026.04.19 23:15:03 INFO  Downloading from central: https://repo.maven.apache.org/maven2/com/google/j2objc/j2objc-annotations/3.0.0/j2objc-annotations-3.0.0.pom
2026.04.19 23:15:03 INFO  Progress (1): 827 B
2026.04.19 23:15:03 INFO  Progress (1): 2.5 kB
2026.04.19 23:15:03 INFO  Progress (1): 5.1 kB
2026.04.19 23:15:03 INFO                      
2026.04.19 23:15:03 INFO  Downloaded from central: https://repo.maven.apache.org/maven2/com/google/j2objc/j2objc-annotations/3.0.0/j2objc-annotations-3.0.0.pom (5.1 kB at 90 kB/s)
2026.04.19 23:15:03 INFO  Downloading from central: https://repo.maven.apache.org/maven2/javax/annotation/javax.annotation-api/1.3.2/javax.annotation-api-1.3.2.pom
2026.04.19 23:15:03 INFO  Progress (1): 728 B
2026.04.19 23:15:03 INFO  Progress (1): 2.0 kB
2026.04.19 23:15:03 INFO  Progress (1): 3.5 kB
2026.04.19 23:15:03 INFO  Progress (1): 5.4 kB
2026.04.19 23:15:03 INFO  Progress (1): 8.7 kB
2026.04.19 23:15:03 INFO  Progress (1): 12 kB 
2026.04.19 23:15:03 INFO  Progress (1): 14 kB
2026.04.19 23:15:03 INFO                     
2026.04.19 23:15:03 INFO  Downloaded from central: https://repo.maven.apache.org/maven2/javax/annotation/javax.annotation-api/1.3.2/javax.annotation-api-1.3.2.pom (14 kB at 183 kB/s)
2026.04.19 23:15:03 INFO  Downloading from central: https://repo.maven.apache.org/maven2/net/java/jvnet-parent/3/jvnet-parent-3.pom
2026.04.19 23:15:03 INFO  Progress (1): 838 B
2026.04.19 23:15:03 INFO  Progress (1): 2.5 kB
2026.04.19 23:15:03 INFO  Progress (1): 4.8 kB
2026.04.19 23:15:03 INFO                      
2026.04.19 23:15:03 INFO  Downloaded from central: https://repo.maven.apache.org/maven2/net/java/jvnet-parent/3/jvnet-parent-3.pom (4.8 kB at 67 kB/s)
2026.04.19 23:15:04 INFO  Downloading from central: https://repo.maven.apache.org/maven2/com/google/cloud/google-cloud-storage/2.38.0/google-cloud-storage-2.38.0.pom
2026.04.19 23:15:04 INFO  Progress (1): 1.0 kB
2026.04.19 23:15:04 INFO  Progress (1): 4.0 kB
2026.04.19 23:15:04 INFO  Progress (1): 13 kB 
2026.04.19 23:15:04 INFO  Progress (1): 30 kB
2026.04.19 23:15:04 INFO  Progress (1): 45 kB
2026.04.19 23:15:04 INFO  Progress (1): 53 kB
2026.04.19 23:15:04 INFO                     
2026.04.19 23:15:04 INFO  Downloaded from central: https://repo.maven.apache.org/maven2/com/google/cloud/google-cloud-storage/2.38.0/google-cloud-storage-2.38.0.pom (53 kB at 371 kB/s)
2026.04.19 23:15:04 INFO  Downloading from central: https://repo.maven.apache.org/maven2/io/grpc/grpc-context/1.62.2/grpc-context-1.62.2.pom
2026.04.19 23:15:04 INFO  Progress (1): 1.3 kB
2026.04.19 23:15:04 INFO  Progress (1): 1.9 kB
2026.04.19 23:15:04 INFO                      
2026.04.19 23:15:04 INFO  Downloaded from central: https://repo.maven.apache.org/maven2/io/grpc/grpc-context/1.62.2/grpc-context-1.62.2.pom (1.9 kB at 14 kB/s)
2026.04.19 23:15:04 INFO  Downloading from central: https://repo.maven.apache.org/maven2/com/google/http-client/google-http-client-jackson2/1.44.1/google-http-client-jackson2-1.44.1.pom
2026.04.19 23:15:04 INFO  Progress (1): 1.3 kB
2026.04.19 23:15:04 INFO  Progress (1): 2.7 kB
2026.04.19 23:15:04 INFO                      
2026.04.19 23:15:04 INFO  Downloaded from central: https://repo.maven.apache.org/maven2/com/google/http-client/google-http-client-jackson2/1.44.1/google-http-client-jackson2-1.44.1.pom (2.7 kB at 14 kB/s)
2026.04.19 23:15:04 INFO  Downloading from central: https://repo.maven.apache.org/maven2/com/google/apis/google-api-services-storage/v1-rev20240319-2.0.0/google-api-services-storage-v1-rev20240319-2.0.0.pom
2026.04.19 23:15:05 INFO  Progress (1): 1.1 kB
2026.04.19 23:15:05 INFO  Progress (1): 3.6 kB
2026.04.19 23:15:05 INFO  Progress (1): 5.3 kB
2026.04.19 23:15:05 INFO                      
2026.04.19 23:15:05 INFO  Downloaded from central: https://repo.maven.apache.org/maven2/com/google/apis/google-api-services-storage/v1-rev20240319-2.0.0/google-api-services-storage-v1-rev20240319-2.0.0.pom (5.3 kB at 13 kB/s)
2026.04.19 23:15:05 INFO  Downloading from central: https://repo.maven.apache.org/maven2/com/google/cloud/google-cloud-core/2.38.0/google-cloud-core-2.38.0.pom
2026.04.19 23:15:05 INFO  Progress (1): 2.0 kB
2026.04.19 23:15:05 INFO  Progress (1): 3.4 kB
2026.04.19 23:15:05 INFO                      
2026.04.19 23:15:05 INFO  Downloaded from central: https://repo.maven.apache.org/maven2/com/google/cloud/google-cloud-core/2.38.0/google-cloud-core-2.38.0.pom (3.4 kB at 11 kB/s)
2026.04.19 23:15:05 INFO  Downloading from central: https://repo.maven.apache.org/maven2/com/google/cloud/google-cloud-core-parent/2.38.0/google-cloud-core-parent-2.38.0.pom
2026.04.19 23:15:05 INFO  Progress (1): 1.2 kB
2026.04.19 23:15:05 INFO  Progress (1): 3.2 kB
2026.04.19 23:15:06 INFO                      
2026.04.19 23:15:06 INFO  Downloaded from central: https://repo.maven.apache.org/maven2/com/google/cloud/google-cloud-core-parent/2.38.0/google-cloud-core-parent-2.38.0.pom (3.2 kB at 27 kB/s)
2026.04.19 23:15:06 INFO  Downloading from central: https://repo.maven.apache.org/maven2/com/google/cloud/google-cloud-shared-dependencies/3.30.0/google-cloud-shared-dependencies-3.30.0.pom
2026.04.19 23:15:06 INFO  Progress (1): 1.2 kB
2026.04.19 23:15:06 INFO  Progress (1): 1.9 kB
2026.04.19 23:15:06 INFO                      
2026.04.19 23:15:06 INFO  Downloaded from central: https://repo.maven.apache.org/maven2/com/google/cloud/google-cloud-shared-dependencies/3.30.0/google-cloud-shared-dependencies-3.30.0.pom (1.9 kB at 6.4 kB/s)
2026.04.19 23:15:06 INFO  Downloading from google-maven-central-copy: https://maven-central.storage-download.googleapis.com/maven2/com/google/cloud/third-party-dependencies/3.30.0/third-party-dependencies-3.30.0.pom
2026.04.19 23:15:06 INFO  Progress (1): 0.4/7.8 kB
2026.04.19 23:15:06 INFO  Progress (1): 1.7/7.8 kB
2026.04.19 23:15:06 INFO  Progress (1): 3.1/7.8 kB
2026.04.19 23:15:06 INFO  Progress (1): 4.5/7.8 kB
2026.04.19 23:15:06 INFO  Progress (1): 5.9/7.8 kB
2026.04.19 23:15:06 INFO  Progress (1): 7.3/7.8 kB
2026.04.19 23:15:06 INFO  Progress (1): 7.8 kB    
2026.04.19 23:15:06 INFO                      
2026.04.19 23:15:06 INFO  Downloaded from google-maven-central-copy: https://maven-central.storage-download.googleapis.com/maven2/com/google/cloud/third-party-dependencies/3.30.0/third-party-dependencies-3.30.0.pom (7.8 kB at 22 kB/s)
2026.04.19 23:15:06 INFO  Downloading from google-maven-central-copy: https://maven-central.storage-download.googleapis.com/maven2/com/fasterxml/jackson/jackson-bom/2.17.0/jackson-bom-2.17.0.pom
2026.04.19 23:15:08 INFO  Progress (1): 0.4/19 kB
2026.04.19 23:15:08 INFO  Progress (1): 1.7/19 kB
2026.04.19 23:15:08 INFO  Progress (1): 3.1/19 kB
2026.04.19 23:15:08 INFO  Progress (1): 4.5/19 kB
2026.04.19 23:15:08 INFO  Progress (1): 5.9/19 kB
2026.04.19 23:15:08 INFO  Progress (1): 7.3/19 kB
2026.04.19 23:15:08 INFO  Progress (1): 8.7/19 kB
2026.04.19 23:15:08 INFO  Progress (1): 10/19 kB 
2026.04.19 23:15:08 INFO  Progress (1): 11/19 kB
2026.04.19 23:15:08 INFO  Progress (1): 13/19 kB
2026.04.19 23:15:08 INFO  Progress (1): 14/19 kB
2026.04.19 23:15:08 INFO  Progress (1): 15/19 kB
2026.04.19 23:15:08 INFO  Progress (1): 16/19 kB
2026.04.19 23:15:08 INFO  Progress (1): 18/19 kB
2026.04.19 23:15:08 INFO  Progress (1): 19 kB   
2026.04.19 23:15:08 INFO                     
2026.04.19 23:15:08 INFO  Downloaded from google-maven-central-copy: https://maven-central.storage-download.googleapis.com/maven2/com/fasterxml/jackson/jackson-bom/2.17.0/jackson-bom-2.17.0.pom (19 kB at 24 kB/s)
2026.04.19 23:15:08 INFO  Downloading from google-maven-central-copy: https://maven-central.storage-download.googleapis.com/maven2/com/fasterxml/jackson/jackson-parent/2.17/jackson-parent-2.17.pom
2026.04.19 23:15:08 INFO  Progress (1): 0.4/6.5 kB
2026.04.19 23:15:08 INFO  Progress (1): 1.7/6.5 kB
2026.04.19 23:15:08 INFO  Progress (1): 3.1/6.5 kB
2026.04.19 23:15:08 INFO  Progress (1): 4.5/6.5 kB
2026.04.19 23:15:08 INFO  Progress (1): 5.9/6.5 kB
2026.04.19 23:15:08 INFO  Progress (1): 6.5 kB    
2026.04.19 23:15:08 INFO                      
2026.04.19 23:15:08 INFO  Downloaded from google-maven-central-copy: https://maven-central.storage-download.googleapis.com/maven2/com/fasterxml/jackson/jackson-parent/2.17/jackson-parent-2.17.pom (6.5 kB at 15 kB/s)
2026.04.19 23:15:08 INFO  Downloading from google-maven-central-copy: https://maven-central.storage-download.googleapis.com/maven2/com/fasterxml/oss-parent/58/oss-parent-58.pom
2026.04.19 23:15:09 INFO  Progress (1): 0.4/24 kB
2026.04.19 23:15:09 INFO  Progress (1): 1.7/24 kB
2026.04.19 23:15:09 INFO  Progress (1): 3.1/24 kB
2026.04.19 23:15:09 INFO  Progress (1): 4.5/24 kB
2026.04.19 23:15:09 INFO  Progress (1): 5.9/24 kB
2026.04.19 23:15:09 INFO  Progress (1): 7.3/24 kB
2026.04.19 23:15:09 INFO  Progress (1): 8.7/24 kB
2026.04.19 23:15:09 INFO  Progress (1): 10/24 kB 
2026.04.19 23:15:09 INFO  Progress (1): 11/24 kB
2026.04.19 23:15:09 INFO  Progress (1): 13/24 kB
2026.04.19 23:15:09 INFO  Progress (1): 14/24 kB
2026.04.19 23:15:09 INFO  Progress (1): 15/24 kB
2026.04.19 23:15:09 INFO  Progress (1): 16/24 kB
2026.04.19 23:15:09 INFO  Progress (1): 18/24 kB
2026.04.19 23:15:09 INFO  Progress (1): 19/24 kB
2026.04.19 23:15:09 INFO  Progress (1): 20/24 kB
2026.04.19 23:15:09 INFO  Progress (1): 22/24 kB
2026.04.19 23:15:09 INFO  Progress (1): 23/24 kB
2026.04.19 23:15:09 INFO  Progress (1): 24 kB   
2026.04.19 23:15:09 INFO                     
2026.04.19 23:15:09 INFO  Downloaded from google-maven-central-copy: https://maven-central.storage-download.googleapis.com/maven2/com/fasterxml/oss-parent/58/oss-parent-58.pom (24 kB at 25 kB/s)
2026.04.19 23:15:09 INFO  Downloading from central: https://repo.maven.apache.org/maven2/com/google/cloud/google-cloud-core-http/2.38.0/google-cloud-core-http-2.38.0.pom
2026.04.19 23:15:09 INFO  Progress (1): 2.2 kB
2026.04.19 23:15:09 INFO  Progress (1): 3.2 kB
2026.04.19 23:15:09 INFO                      
2026.04.19 23:15:09 INFO  Downloaded from central: https://repo.maven.apache.org/maven2/com/google/cloud/google-cloud-core-http/2.38.0/google-cloud-core-http-2.38.0.pom (3.2 kB at 8.7 kB/s)
2026.04.19 23:15:09 INFO  Downloading from central: https://repo.maven.apache.org/maven2/com/google/http-client/google-http-client-appengine/1.44.1/google-http-client-appengine-1.44.1.pom
2026.04.19 23:15:09 INFO  Progress (1): 1.2 kB
2026.04.19 23:15:09 INFO  Progress (1): 3.5 kB
2026.04.19 23:15:09 INFO                      
2026.04.19 23:15:09 INFO  Downloaded from central: https://repo.maven.apache.org/maven2/com/google/http-client/google-http-client-appengine/1.44.1/google-http-client-appengine-1.44.1.pom (3.5 kB at 61 kB/s)
2026.04.19 23:15:09 INFO  Downloading from central: https://repo.maven.apache.org/maven2/com/google/api/gax-httpjson/2.48.0/gax-httpjson-2.48.0.pom
2026.04.19 23:15:09 INFO  Progress (1): 1.4 kB
2026.04.19 23:15:09 INFO  Progress (1): 3.6 kB
2026.04.19 23:15:09 INFO                      
2026.04.19 23:15:09 INFO  Downloaded from central: https://repo.maven.apache.org/maven2/com/google/api/gax-httpjson/2.48.0/gax-httpjson-2.48.0.pom (3.6 kB at 12 kB/s)
2026.04.19 23:15:09 INFO  Downloading from central: https://repo.maven.apache.org/maven2/com/google/api/gax-parent/2.48.0/gax-parent-2.48.0.pom
2026.04.19 23:15:09 INFO  Progress (1): 1.1 kB
2026.04.19 23:15:09 INFO  Progress (1): 4.1 kB
2026.04.19 23:15:09 INFO  Progress (1): 7.8 kB
2026.04.19 23:15:09 INFO  Progress (1): 9.1 kB
2026.04.19 23:15:09 INFO                      
2026.04.19 23:15:09 INFO  Downloaded from central: https://repo.maven.apache.org/maven2/com/google/api/gax-parent/2.48.0/gax-parent-2.48.0.pom (9.1 kB at 102 kB/s)
2026.04.19 23:15:09 INFO  Downloading from central: https://repo.maven.apache.org/maven2/com/google/cloud/google-cloud-core-grpc/2.38.0/google-cloud-core-grpc-2.38.0.pom
2026.04.19 23:15:11 INFO  Progress (1): 2.1 kB
2026.04.19 23:15:11 INFO  Progress (1): 2.3 kB
2026.04.19 23:15:11 INFO                      
2026.04.19 23:15:11 INFO  Downloaded from central: https://repo.maven.apache.org/maven2/com/google/cloud/google-cloud-core-grpc/2.38.0/google-cloud-core-grpc-2.38.0.pom (2.3 kB at 6.1 kB/s)
2026.04.19 23:15:11 INFO  Downloading from central: https://repo.maven.apache.org/maven2/com/google/api/gax/2.48.0/gax-2.48.0.pom
2026.04.19 23:15:11 INFO  Progress (1): 1.7 kB
2026.04.19 23:15:11 INFO  Progress (1): 3.8 kB
2026.04.19 23:15:11 INFO  Progress (1): 4.7 kB
2026.04.19 23:15:11 INFO                      
2026.04.19 23:15:11 INFO  Downloaded from central: https://repo.maven.apache.org/maven2/com/google/api/gax/2.48.0/gax-2.48.0.pom (4.7 kB at 12 kB/s)
2026.04.19 23:15:11 INFO  Downloading from central: https://repo.maven.apache.org/maven2/com/google/api/gax-grpc/2.48.0/gax-grpc-2.48.0.pom
2026.04.19 23:15:11 INFO  Progress (1): 2.2 kB
2026.04.19 23:15:11 INFO  Progress (1): 4.1 kB
2026.04.19 23:15:11 INFO                      
2026.04.19 23:15:11 INFO  Downloaded from central: https://repo.maven.apache.org/maven2/com/google/api/gax-grpc/2.48.0/gax-grpc-2.48.0.pom (4.1 kB at 39 kB/s)
2026.04.19 23:15:11 INFO  Downloading from central: https://repo.maven.apache.org/maven2/io/grpc/grpc-inprocess/1.62.2/grpc-inprocess-1.62.2.pom
2026.04.19 23:15:11 INFO  Progress (1): 1.3 kB
2026.04.19 23:15:11 INFO  Progress (1): 1.8 kB
2026.04.19 23:15:11 INFO                      
2026.04.19 23:15:11 INFO  Downloaded from central: https://repo.maven.apache.org/maven2/io/grpc/grpc-inprocess/1.62.2/grpc-inprocess-1.62.2.pom (1.8 kB at 48 kB/s)
2026.04.19 23:15:11 INFO  Downloading from central: https://repo.maven.apache.org/maven2/io/grpc/grpc-alts/1.62.2/grpc-alts-1.62.2.pom
2026.04.19 23:15:11 INFO  Progress (1): 1.3 kB
2026.04.19 23:15:11 INFO  Progress (1): 3.0 kB
2026.04.19 23:15:11 INFO                      
2026.04.19 23:15:11 INFO  Downloaded from central: https://repo.maven.apache.org/maven2/io/grpc/grpc-alts/1.62.2/grpc-alts-1.62.2.pom (3.0 kB at 60 kB/s)
2026.04.19 23:15:11 INFO  Downloading from central: https://repo.maven.apache.org/maven2/io/grpc/grpc-grpclb/1.62.2/grpc-grpclb-1.62.2.pom
2026.04.19 23:15:11 INFO  Progress (1): 1.2 kB
2026.04.19 23:15:11 INFO  Progress (1): 2.5 kB
2026.04.19 23:15:11 INFO                      
2026.04.19 23:15:11 INFO  Downloaded from central: https://repo.maven.apache.org/maven2/io/grpc/grpc-grpclb/1.62.2/grpc-grpclb-1.62.2.pom (2.5 kB at 62 kB/s)
2026.04.19 23:15:11 INFO  Downloading from central: https://repo.maven.apache.org/maven2/org/conscrypt/conscrypt-openjdk-uber/2.5.2/conscrypt-openjdk-uber-2.5.2.pom
2026.04.19 23:15:11 INFO  Progress (1): 1.3 kB
2026.04.19 23:15:11 INFO                      
2026.04.19 23:15:11 INFO  Downloaded from central: https://repo.maven.apache.org/maven2/org/conscrypt/conscrypt-openjdk-uber/2.5.2/conscrypt-openjdk-uber-2.5.2.pom (1.3 kB at 34 kB/s)
2026.04.19 23:15:11 INFO  Downloading from central: https://repo.maven.apache.org/maven2/io/grpc/grpc-auth/1.62.2/grpc-auth-1.62.2.pom
2026.04.19 23:15:11 INFO  Progress (1): 1.3 kB
2026.04.19 23:15:11 INFO  Progress (1): 1.8 kB
2026.04.19 23:15:11 INFO                      
2026.04.19 23:15:11 INFO  Downloaded from central: https://repo.maven.apache.org/maven2/io/grpc/grpc-auth/1.62.2/grpc-auth-1.62.2.pom (1.8 kB at 40 kB/s)
2026.04.19 23:15:11 INFO  Downloading from central: https://repo.maven.apache.org/maven2/com/google/api/grpc/proto-google-iam-v1/1.34.0/proto-google-iam-v1-1.34.0.pom
2026.04.19 23:15:11 INFO  Progress (1): 1.1 kB
2026.04.19 23:15:11 INFO  Progress (1): 3.0 kB
2026.04.19 23:15:12 INFO                      
2026.04.19 23:15:12 INFO  Downloaded from central: https://repo.maven.apache.org/maven2/com/google/api/grpc/proto-google-iam-v1/1.34.0/proto-google-iam-v1-1.34.0.pom (3.0 kB at 36 kB/s)
2026.04.19 23:15:12 INFO  Downloading from central: https://repo.maven.apache.org/maven2/com/google/protobuf/protobuf-java/3.25.3/protobuf-java-3.25.3.pom
2026.04.19 23:15:12 INFO  Progress (1): 1.1 kB
2026.04.19 23:15:12 INFO  Progress (1): 1.6 kB
2026.04.19 23:15:12 INFO                      
2026.04.19 23:15:12 INFO  Downloaded from central: https://repo.maven.apache.org/maven2/com/google/protobuf/protobuf-java/3.25.3/protobuf-java-3.25.3.pom (1.6 kB at 7.2 kB/s)
2026.04.19 23:15:12 INFO  Downloading from central: https://repo.maven.apache.org/maven2/com/google/protobuf/protobuf-parent/3.25.3/protobuf-parent-3.25.3.pom
2026.04.19 23:15:12 INFO  Progress (1): 976 B
2026.04.19 23:15:12 INFO  Progress (1): 2.9 kB
2026.04.19 23:15:12 INFO  Progress (1): 6.3 kB
2026.04.19 23:15:12 INFO  Progress (1): 9.0 kB
2026.04.19 23:15:12 INFO                      
2026.04.19 23:15:12 INFO  Downloaded from central: https://repo.maven.apache.org/maven2/com/google/protobuf/protobuf-parent/3.25.3/protobuf-parent-3.25.3.pom (9.0 kB at 42 kB/s)
2026.04.19 23:15:12 INFO  Downloading from central: https://repo.maven.apache.org/maven2/com/google/protobuf/protobuf-java-util/3.25.3/protobuf-java-util-3.25.3.pom
2026.04.19 23:15:12 INFO  Progress (1): 1.7 kB
2026.04.19 23:15:12 INFO  Progress (1): 2.5 kB
2026.04.19 23:15:12 INFO                      
2026.04.19 23:15:12 INFO  Downloaded from central: https://repo.maven.apache.org/maven2/com/google/protobuf/protobuf-java-util/3.25.3/protobuf-java-util-3.25.3.pom (2.5 kB at 20 kB/s)
2026.04.19 23:15:12 INFO  Downloading from central: https://repo.maven.apache.org/maven2/io/grpc/grpc-core/1.62.2/grpc-core-1.62.2.pom
2026.04.19 23:15:12 INFO  Progress (1): 1.3 kB
2026.04.19 23:15:12 INFO  Progress (1): 2.7 kB
2026.04.19 23:15:12 INFO                      
2026.04.19 23:15:12 INFO  Downloaded from central: https://repo.maven.apache.org/maven2/io/grpc/grpc-core/1.62.2/grpc-core-1.62.2.pom (2.7 kB at 57 kB/s)
2026.04.19 23:15:12 INFO  Downloading from central: https://repo.maven.apache.org/maven2/com/google/android/annotations/4.1.1.4/annotations-4.1.1.4.pom
2026.04.19 23:15:12 INFO  Progress (1): 1.0 kB
2026.04.19 23:15:12 INFO  Progress (1): 1.8 kB
2026.04.19 23:15:12 INFO                      
2026.04.19 23:15:12 INFO  Downloaded from central: https://repo.maven.apache.org/maven2/com/google/android/annotations/4.1.1.4/annotations-4.1.1.4.pom (1.8 kB at 38 kB/s)
2026.04.19 23:15:12 INFO  Downloading from central: https://repo.maven.apache.org/maven2/org/codehaus/mojo/animal-sniffer-annotations/1.23/animal-sniffer-annotations-1.23.pom
2026.04.19 23:15:12 INFO  Progress (1): 817 B
2026.04.19 23:15:12 INFO  Progress (1): 1.7 kB
2026.04.19 23:15:12 INFO                      
2026.04.19 23:15:12 INFO  Downloaded from central: https://repo.maven.apache.org/maven2/org/codehaus/mojo/animal-sniffer-annotations/1.23/animal-sniffer-annotations-1.23.pom (1.7 kB at 32 kB/s)
2026.04.19 23:15:12 INFO  Downloading from central: https://repo.maven.apache.org/maven2/org/codehaus/mojo/animal-sniffer-parent/1.23/animal-sniffer-parent-1.23.pom
2026.04.19 23:15:12 INFO  Progress (1): 775 B
2026.04.19 23:15:12 INFO  Progress (1): 1.9 kB
2026.04.19 23:15:12 INFO  Progress (1): 3.7 kB
2026.04.19 23:15:12 INFO  Progress (1): 5.9 kB
2026.04.19 23:15:12 INFO  Progress (1): 5.9 kB
2026.04.19 23:15:12 INFO                      
2026.04.19 23:15:12 INFO  Downloaded from central: https://repo.maven.apache.org/maven2/org/codehaus/mojo/animal-sniffer-parent/1.23/animal-sniffer-parent-1.23.pom (5.9 kB at 129 kB/s)
2026.04.19 23:15:12 INFO  Downloading from central: https://repo.maven.apache.org/maven2/org/codehaus/mojo/mojo-parent/74/mojo-parent-74.pom
2026.04.19 23:15:12 INFO  Progress (1): 714 B
2026.04.19 23:15:12 INFO  Progress (1): 2.5 kB
2026.04.19 23:15:12 INFO  Progress (1): 6.2 kB
2026.04.19 23:15:12 INFO  Progress (1): 8.0 kB
2026.04.19 23:15:12 INFO  Progress (1): 11 kB 
2026.04.19 23:15:12 INFO  Progress (1): 13 kB
2026.04.19 23:15:12 INFO  Progress (1): 19 kB
2026.04.19 23:15:12 INFO  Progress (1): 24 kB
2026.04.19 23:15:12 INFO  Progress (1): 26 kB
2026.04.19 23:15:12 INFO  Progress (1): 29 kB
2026.04.19 23:15:12 INFO  Progress (1): 32 kB
2026.04.19 23:15:12 INFO  Progress (1): 36 kB
2026.04.19 23:15:12 INFO                     
2026.04.19 23:15:12 INFO  Downloaded from central: https://repo.maven.apache.org/maven2/org/codehaus/mojo/mojo-parent/74/mojo-parent-74.pom (36 kB at 699 kB/s)
2026.04.19 23:15:12 INFO  Downloading from central: https://repo.maven.apache.org/maven2/io/perfmark/perfmark-api/0.27.0/perfmark-api-0.27.0.pom
2026.04.19 23:15:13 INFO  Progress (1): 1.0 kB
2026.04.19 23:15:13 INFO  Progress (1): 1.5 kB
2026.04.19 23:15:13 INFO                      
2026.04.19 23:15:13 INFO  Downloaded from central: https://repo.maven.apache.org/maven2/io/perfmark/perfmark-api/0.27.0/perfmark-api-0.27.0.pom (1.5 kB at 29 kB/s)
2026.04.19 23:15:13 INFO  Downloading from central: https://repo.maven.apache.org/maven2/io/grpc/grpc-protobuf/1.62.2/grpc-protobuf-1.62.2.pom
2026.04.19 23:15:13 INFO  Progress (1): 1.3 kB
2026.04.19 23:15:13 INFO  Progress (1): 2.7 kB
2026.04.19 23:15:13 INFO                      
2026.04.19 23:15:13 INFO  Downloaded from central: https://repo.maven.apache.org/maven2/io/grpc/grpc-protobuf/1.62.2/grpc-protobuf-1.62.2.pom (2.7 kB at 36 kB/s)
2026.04.19 23:15:13 INFO  Downloading from central: https://repo.maven.apache.org/maven2/io/grpc/grpc-protobuf-lite/1.62.2/grpc-protobuf-lite-1.62.2.pom
2026.04.19 23:15:13 INFO  Progress (1): 1.3 kB
2026.04.19 23:15:13 INFO  Progress (1): 2.0 kB
2026.04.19 23:15:13 INFO                      
2026.04.19 23:15:13 INFO  Downloaded from central: https://repo.maven.apache.org/maven2/io/grpc/grpc-protobuf-lite/1.62.2/grpc-protobuf-lite-1.62.2.pom (2.0 kB at 47 kB/s)
2026.04.19 23:15:13 INFO  Downloading from central: https://repo.maven.apache.org/maven2/com/google/api/grpc/proto-google-common-protos/2.39.0/proto-google-common-protos-2.39.0.pom
2026.04.19 23:15:13 INFO  Progress (1): 1.1 kB
2026.04.19 23:15:13 INFO  Progress (1): 2.7 kB
2026.04.19 23:15:13 INFO                      
2026.04.19 23:15:13 INFO  Downloaded from central: https://repo.maven.apache.org/maven2/com/google/api/grpc/proto-google-common-protos/2.39.0/proto-google-common-protos-2.39.0.pom (2.7 kB at 9.1 kB/s)
2026.04.19 23:15:13 INFO  Downloading from central: https://repo.maven.apache.org/maven2/org/threeten/threetenbp/1.6.9/threetenbp-1.6.9.pom
2026.04.19 23:15:13 INFO  Progress (1): 1.2 kB
2026.04.19 23:15:13 INFO  Progress (1): 4.0 kB
2026.04.19 23:15:13 INFO  Progress (1): 6.1 kB
2026.04.19 23:15:13 INFO  Progress (1): 7.7 kB
2026.04.19 23:15:13 INFO  Progress (1): 11 kB 
2026.04.19 23:15:13 INFO  Progress (1): 17 kB
2026.04.19 23:15:13 INFO  Progress (1): 22 kB
2026.04.19 23:15:13 INFO  Progress (1): 25 kB
2026.04.19 23:15:13 INFO  Progress (1): 28 kB
2026.04.19 23:15:13 INFO  Progress (1): 32 kB
2026.04.19 23:15:13 INFO  Progress (1): 33 kB
2026.04.19 23:15:13 INFO                     
2026.04.19 23:15:13 INFO  Downloaded from central: https://repo.maven.apache.org/maven2/org/threeten/threetenbp/1.6.9/threetenbp-1.6.9.pom (33 kB at 112 kB/s)
2026.04.19 23:15:13 INFO  Downloading from central: https://repo.maven.apache.org/maven2/com/google/api/grpc/proto-google-cloud-storage-v2/2.38.0-alpha/proto-google-cloud-storage-v2-2.38.0-alpha.pom
2026.04.19 23:15:14 INFO  Progress (1): 1.4 kB
2026.04.19 23:15:14 INFO                      
2026.04.19 23:15:14 INFO  Downloaded from central: https://repo.maven.apache.org/maven2/com/google/api/grpc/proto-google-cloud-storage-v2/2.38.0-alpha/proto-google-cloud-storage-v2-2.38.0-alpha.pom (1.4 kB at 6.6 kB/s)
2026.04.19 23:15:14 INFO  Downloading from central: https://repo.maven.apache.org/maven2/com/google/cloud/google-cloud-storage-parent/2.38.0/google-cloud-storage-parent-2.38.0.pom
2026.04.19 23:15:14 INFO  Progress (1): 1.0 kB
2026.04.19 23:15:14 INFO  Progress (1): 3.5 kB
2026.04.19 23:15:14 INFO  Progress (1): 7.5 kB
2026.04.19 23:15:14 INFO  Progress (1): 7.6 kB
2026.04.19 23:15:14 INFO                      
2026.04.19 23:15:14 INFO  Downloaded from central: https://repo.maven.apache.org/maven2/com/google/cloud/google-cloud-storage-parent/2.38.0/google-cloud-storage-parent-2.38.0.pom (7.6 kB at 68 kB/s)
2026.04.19 23:15:14 INFO  Downloading from central: https://repo.maven.apache.org/maven2/com/google/api/grpc/grpc-google-cloud-storage-v2/2.38.0-alpha/grpc-google-cloud-storage-v2-2.38.0-alpha.pom
2026.04.19 23:15:14 INFO  Progress (1): 2.0 kB
2026.04.19 23:15:14 INFO                      
2026.04.19 23:15:14 INFO  Downloaded from central: https://repo.maven.apache.org/maven2/com/google/api/grpc/grpc-google-cloud-storage-v2/2.38.0-alpha/grpc-google-cloud-storage-v2-2.38.0-alpha.pom (2.0 kB at 18 kB/s)
2026.04.19 23:15:14 INFO  Downloading from central: https://repo.maven.apache.org/maven2/com/google/api/grpc/gapic-google-cloud-storage-v2/2.38.0-alpha/gapic-google-cloud-storage-v2-2.38.0-alpha.pom
2026.04.19 23:15:14 INFO  Progress (1): 2.7 kB
2026.04.19 23:15:14 INFO  Progress (1): 3.0 kB
2026.04.19 23:15:14 INFO                      
2026.04.19 23:15:14 INFO  Downloaded from central: https://repo.maven.apache.org/maven2/com/google/api/grpc/gapic-google-cloud-storage-v2/2.38.0-alpha/gapic-google-cloud-storage-v2-2.38.0-alpha.pom (3.0 kB at 30 kB/s)
2026.04.19 23:15:14 INFO  Downloading from central: https://repo.maven.apache.org/maven2/io/grpc/grpc-api/1.62.2/grpc-api-1.62.2.pom
2026.04.19 23:15:14 INFO  Progress (1): 1.3 kB
2026.04.19 23:15:14 INFO  Progress (1): 1.8 kB
2026.04.19 23:15:14 INFO                      
2026.04.19 23:15:14 INFO  Downloaded from central: https://repo.maven.apache.org/maven2/io/grpc/grpc-api/1.62.2/grpc-api-1.62.2.pom (1.8 kB at 44 kB/s)
2026.04.19 23:15:14 INFO  Downloading from central: https://repo.maven.apache.org/maven2/io/grpc/grpc-netty-shaded/1.62.2/grpc-netty-shaded-1.62.2.pom
2026.04.19 23:15:14 INFO  Progress (1): 1.3 kB
2026.04.19 23:15:14 INFO  Progress (1): 2.3 kB
2026.04.19 23:15:14 INFO                      
2026.04.19 23:15:14 INFO  Downloaded from central: https://repo.maven.apache.org/maven2/io/grpc/grpc-netty-shaded/1.62.2/grpc-netty-shaded-1.62.2.pom (2.3 kB at 46 kB/s)
2026.04.19 23:15:14 INFO  Downloading from central: https://repo.maven.apache.org/maven2/io/grpc/grpc-util/1.62.2/grpc-util-1.62.2.pom
2026.04.19 23:15:14 INFO  Progress (1): 1.3 kB
2026.04.19 23:15:14 INFO  Progress (1): 2.0 kB
2026.04.19 23:15:14 INFO                      
2026.04.19 23:15:14 INFO  Downloaded from central: https://repo.maven.apache.org/maven2/io/grpc/grpc-util/1.62.2/grpc-util-1.62.2.pom (2.0 kB at 23 kB/s)
2026.04.19 23:15:14 INFO  Downloading from central: https://repo.maven.apache.org/maven2/io/grpc/grpc-stub/1.62.2/grpc-stub-1.62.2.pom
2026.04.19 23:15:14 INFO  Progress (1): 1.3 kB
2026.04.19 23:15:14 INFO  Progress (1): 1.8 kB
2026.04.19 23:15:14 INFO                      
2026.04.19 23:15:14 INFO  Downloaded from central: https://repo.maven.apache.org/maven2/io/grpc/grpc-stub/1.62.2/grpc-stub-1.62.2.pom (1.8 kB at 35 kB/s)
2026.04.19 23:15:14 INFO  Downloading from central: https://repo.maven.apache.org/maven2/io/grpc/grpc-googleapis/1.62.2/grpc-googleapis-1.62.2.pom
2026.04.19 23:15:14 INFO  Progress (1): 1.3 kB
2026.04.19 23:15:14 INFO  Progress (1): 2.1 kB
2026.04.19 23:15:14 INFO                      
2026.04.19 23:15:14 INFO  Downloaded from central: https://repo.maven.apache.org/maven2/io/grpc/grpc-googleapis/1.62.2/grpc-googleapis-1.62.2.pom (2.1 kB at 21 kB/s)
2026.04.19 23:15:14 INFO  Downloading from central: https://repo.maven.apache.org/maven2/io/grpc/grpc-xds/1.62.2/grpc-xds-1.62.2.pom
2026.04.19 23:15:14 INFO  Progress (1): 1.3 kB
2026.04.19 23:15:14 INFO  Progress (1): 3.5 kB
2026.04.19 23:15:14 INFO                      
2026.04.19 23:15:14 INFO  Downloaded from central: https://repo.maven.apache.org/maven2/io/grpc/grpc-xds/1.62.2/grpc-xds-1.62.2.pom (3.5 kB at 68 kB/s)
2026.04.19 23:15:14 INFO  Downloading from central: https://repo.maven.apache.org/maven2/io/opencensus/opencensus-proto/0.2.0/opencensus-proto-0.2.0.pom
2026.04.19 23:15:14 INFO  Progress (1): 1.4 kB
2026.04.19 23:15:14 INFO  Progress (1): 1.9 kB
2026.04.19 23:15:15 INFO                      
2026.04.19 23:15:15 INFO  Downloaded from central: https://repo.maven.apache.org/maven2/io/opencensus/opencensus-proto/0.2.0/opencensus-proto-0.2.0.pom (1.9 kB at 45 kB/s)
2026.04.19 23:15:15 INFO  Downloading from central: https://repo.maven.apache.org/maven2/io/grpc/grpc-services/1.62.2/grpc-services-1.62.2.pom
2026.04.19 23:15:15 INFO  Progress (1): 1.3 kB
2026.04.19 23:15:15 INFO  Progress (1): 2.9 kB
2026.04.19 23:15:15 INFO                      
2026.04.19 23:15:15 INFO  Downloaded from central: https://repo.maven.apache.org/maven2/io/grpc/grpc-services/1.62.2/grpc-services-1.62.2.pom (2.9 kB at 61 kB/s)
2026.04.19 23:15:15 INFO  Downloading from central: https://repo.maven.apache.org/maven2/com/google/re2j/re2j/1.7/re2j-1.7.pom
2026.04.19 23:15:15 INFO  Progress (1): 933 B
2026.04.19 23:15:15 INFO                     
2026.04.19 23:15:15 INFO  Downloaded from central: https://repo.maven.apache.org/maven2/com/google/re2j/re2j/1.7/re2j-1.7.pom (933 B at 16 kB/s)
2026.04.19 23:15:15 INFO  Downloading from central: https://repo.maven.apache.org/maven2/io/grpc/grpc-rls/1.62.2/grpc-rls-1.62.2.pom
2026.04.19 23:15:15 INFO  Progress (1): 1.2 kB
2026.04.19 23:15:15 INFO  Progress (1): 2.3 kB
2026.04.19 23:15:15 INFO                      
2026.04.19 23:15:15 INFO  Downloaded from central: https://repo.maven.apache.org/maven2/io/grpc/grpc-rls/1.62.2/grpc-rls-1.62.2.pom (2.3 kB at 43 kB/s)
2026.04.19 23:15:15 INFO  Downloading from central: https://repo.maven.apache.org/maven2/com/google/cloud/google-cloud-firestore/3.21.1/google-cloud-firestore-3.21.1.pom
2026.04.19 23:15:15 INFO  Progress (1): 1.0 kB
2026.04.19 23:15:15 INFO  Progress (1): 4.4 kB
2026.04.19 23:15:15 INFO  Progress (1): 12 kB 
2026.04.19 23:15:15 INFO  Progress (1): 24 kB
2026.04.19 23:15:15 INFO  Progress (1): 33 kB
2026.04.19 23:15:15 INFO  Progress (1): 46 kB
2026.04.19 23:15:15 INFO  Progress (1): 46 kB
2026.04.19 23:15:15 INFO                     
2026.04.19 23:15:15 INFO  Downloaded from central: https://repo.maven.apache.org/maven2/com/google/cloud/google-cloud-firestore/3.21.1/google-cloud-firestore-3.21.1.pom (46 kB at 121 kB/s)
2026.04.19 23:15:15 INFO  Downloading from central: https://repo.maven.apache.org/maven2/com/google/api/grpc/proto-google-cloud-firestore-v1/3.21.1/proto-google-cloud-firestore-v1-3.21.1.pom
2026.04.19 23:15:15 INFO  Progress (1): 1.2 kB
2026.04.19 23:15:15 INFO  Progress (1): 4.6 kB
2026.04.19 23:15:15 INFO  Progress (1): 9.3 kB
2026.04.19 23:15:15 INFO                      
2026.04.19 23:15:15 INFO  Downloaded from central: https://repo.maven.apache.org/maven2/com/google/api/grpc/proto-google-cloud-firestore-v1/3.21.1/proto-google-cloud-firestore-v1-3.21.1.pom (9.3 kB at 33 kB/s)
2026.04.19 23:15:15 INFO  Downloading from central: https://repo.maven.apache.org/maven2/com/google/cloud/proto-google-cloud-firestore-bundle-v1/3.21.1/proto-google-cloud-firestore-bundle-v1-3.21.1.pom
2026.04.19 23:15:16 INFO  Progress (1): 1.2 kB
2026.04.19 23:15:16 INFO  Progress (1): 4.6 kB
2026.04.19 23:15:16 INFO  Progress (1): 10 kB 
2026.04.19 23:15:16 INFO                     
2026.04.19 23:15:16 INFO  Downloaded from central: https://repo.maven.apache.org/maven2/com/google/cloud/proto-google-cloud-firestore-bundle-v1/3.21.1/proto-google-cloud-firestore-bundle-v1-3.21.1.pom (10 kB at 37 kB/s)
2026.04.19 23:15:16 INFO  Downloading from central: https://repo.maven.apache.org/maven2/io/opencensus/opencensus-contrib-grpc-util/0.31.1/opencensus-contrib-grpc-util-0.31.1.pom
2026.04.19 23:15:16 INFO  Progress (1): 1.3 kB
2026.04.19 23:15:16 INFO  Progress (1): 2.9 kB
2026.04.19 23:15:16 INFO                      
2026.04.19 23:15:16 INFO  Downloaded from central: https://repo.maven.apache.org/maven2/io/opencensus/opencensus-contrib-grpc-util/0.31.1/opencensus-contrib-grpc-util-0.31.1.pom (2.9 kB at 55 kB/s)
2026.04.19 23:15:16 INFO  [INFO] ------------------------------------------------------------------------
2026.04.19 23:15:16 INFO  [INFO] BUILD FAILURE
2026.04.19 23:15:16 INFO  [INFO] ------------------------------------------------------------------------
2026.04.19 23:15:16 INFO  [INFO] Total time:  50.115 s
2026.04.19 23:15:16 INFO  [INFO] Finished at: 2026-04-19T23:15:17+05:30
2026.04.19 23:15:16 INFO  [INFO] ------------------------------------------------------------------------
2026.04.19 23:15:16 INFO  [ERROR] Failed to execute goal on project SaferideBackend: Could not collect dependencies for project com.saferide:SaferideBackend:jar:0.0.1-SNAPSHOT
2026.04.19 23:15:16 INFO  [ERROR] Failed to read artifact descriptor for com.google.code.findbugs:jsr305:jar:3.0.2
2026.04.19 23:15:16 INFO  [ERROR] 	Caused by: The following artifacts could not be resolved: com.google.code.findbugs:jsr305:pom:3.0.2 (absent): Could not transfer artifact com.google.code.findbugs:jsr305:pom:3.0.2 from/to central (https://repo.maven.apache.org/maven2): C:\Users\KM Computers\.m2\repository\com\google\code\findbugs\jsr305\3.0.2\jsr305-3.0.2.pom: The requested operation cannot be performed on a file with a user-mapped section open
2026.04.19 23:15:16 INFO  [ERROR] 
2026.04.19 23:15:16 INFO  [ERROR] -> [Help 1]
2026.04.19 23:15:16 INFO  [ERROR] 
2026.04.19 23:15:16 INFO  [ERROR] To see the full stack trace of the errors, re-run Maven with the -e switch.
2026.04.19 23:15:16 INFO  [ERROR] Re-run Maven using the -X switch to enable full debug logging.
2026.04.19 23:15:16 INFO  [ERROR] 
2026.04.19 23:15:16 INFO  [ERROR] For more information about the errors and possible solutions, please read the following articles:
2026.04.19 23:15:16 INFO  [ERROR] [Help 1] http://cwiki.apache.org/confluence/display/MAVEN/DependencyResolutionException
2026.04.19 23:15:17 INFO  time: ran 'mvn bloopInstall' in 1m
2026.04.19 23:15:17 ERROR Maven command failed: C:\Program Files\Java\jdk-21\bin\java.exe -Dfile.encoding=UTF-8 -Dmaven.multiModuleProjectDirectory=D:\Workspace\nadija\SafeRide_Backend-Kaveen -Dmaven.home=C:\Users\KMCOMP~1\AppData\Local\Temp\metals17993619017316321215 -cp C:\Users\KMCOMP~1\AppData\Local\Temp\metals17993619017316321215\maven-wrapper.jar org.apache.maven.wrapper.MavenWrapperMain generate-sources ch.epfl.scala:bloop-maven-plugin:2.0.3:bloopInstall -DdownloadSources=true
2026.04.19 23:15:17 WARN  no build target for: D:\Workspace\nadija\SafeRide_Backend-Kaveen\src\test\java\com\saferide\SaferideBackend\SaferideBackendApplicationTests.java
2026.04.19 23:15:20 INFO  time: code lens generation in 3.25s
2026.04.19 23:17:04 INFO  no build target found for D:\Workspace\nadija\SafeRide_Backend-Kaveen\src\test\java\com\saferide\SaferideBackend\SaferideBackendApplicationTests.java. Using fallback presentation compiler.
2026.04.19 23:17:04 WARN  no build target for: D:\Workspace\nadija\SafeRide_Backend-Kaveen\src\test\java\com\saferide\SaferideBackend\SaferideBackendApplicationTests.java
2026.04.19 23:17:04 INFO  no build target found for D:\Workspace\nadija\SafeRide_Backend-Kaveen\src\test\java\com\saferide\SaferideBackend\SaferideBackendApplicationTests.java. Using fallback presentation compiler.
2026.04.19 23:17:04 INFO  no build target found for D:\Workspace\nadija\SafeRide_Backend-Kaveen\src\test\java\com\saferide\SaferideBackend\SaferideBackendApplicationTests.java. Using fallback presentation compiler.
2026.04.19 23:17:05 INFO  no build target found for D:\Workspace\nadija\SafeRide_Backend-Kaveen\src\test\java\com\saferide\SaferideBackend\SaferideBackendApplicationTests.java. Using fallback presentation compiler.
2026.04.19 23:17:10 INFO  Shutting down server
2026.04.19 23:17:10 INFO  Memory monitor stopped
2026.04.19 23:17:10 INFO  shutting down Metals
2026.04.19 23:17:10 INFO  Exiting server
